Tutorial menu and misc	CHALLENGE_MEDAL_BRONZE	Bronze Medal		Medalla de bronce	New			
Tutorial menu and misc	CHALLENGE_MEDAL_SILVER	Silver Medal		Medalla de plata	New			
Tutorial menu and misc	CHALLENGE_MEDAL_GOLD	Gold Medal		Medalla de oro	New			
Tutorial menu and misc	CHALLENGE_MEDAL_SHADOW	Shadow Medal		Medalla Shadow	New			
Tutorial menu and misc	CHALLENGE_REPLAY_LINE_1	Replay		Repetición	New	CHECK	Two stacked lines: Replay / & Ghost.	
Tutorial menu and misc	CHALLENGE_REPLAY_LINE_2	& Ghost		y fantasma	New			
Tutorial menu and misc	TUT_COMING_SOON	COMING SOON	PROXIMAMENTE	PRÓXIMAMENTE	Fixed	FIX	Accent.	
Tutorial menu and misc	TUT_START	START		INICIAR	New			
Tutorial menu and misc	TUTNAG_CLOSE	Close		Cerrar	New			
Tutorial menu and misc	TUTNAG_MSG	TSF Regulation 1.01 recommends new recruits to take the standard galactic Training course before deployment.		El Reglamento 1.01 de la TSF recomienda a los nuevos reclutas hacer el curso de entrenamiento galáctico estándar antes del despliegue.	New			
Tutorial menu and misc	TUTNAG_PLAY	Start the Training!		¡Empezar el entrenamiento!	New			
Tutorial menu and misc	TUTNAG_PLAYNOW	Join a Boot Camp!		¡Unirse a un entrenamiento básico!	New	CHECK	Boot Camp is "entrenamiento básico" in the glossary.	length: 34 chars vs 17 in English
Tutorial menu and misc	TUTNAG_TITLE	TSF Regulation 1.01!		¡Reglamento 1.01 de la TSF!	New			
Tutorial menu and misc	TUTORIAL_DISABLED_BY_TUTORIAL_ERROR	ERROR: Disabled by tutorial.		ERROR: desactivado por el tutorial.	New			
Tutorial menu and misc	TUTORIAL_MISC_ALIEN_VISION	Alien Vision		Visión Alien	New			
Tutorial menu and misc	TUTORIAL_MISC_BUILD_STRUCTURE	Build Structure		Construir estructura	New			
Tutorial menu and misc	TUTORIAL_MISC_BUY_EXOSUIT	Buy Exosuit		Comprar Exotraje	New			
Tutorial menu and misc	TUTORIAL_MISC_BUY_EXOSUIT2	Buy Second Gun		Comprar segunda arma	New			
Tutorial menu and misc	TUTORIAL_MISC_BUY_SHOTGUN	Buy Shotgun		Comprar escopeta	New			
Tutorial menu and misc	TUTORIAL_MISC_BUY_WELDER	Buy Welder		Comprar soldador	New			
Tutorial menu and misc	TUTORIAL_MISC_CARAPACE_DISABLED	Carapace Disabled		Caparazón desactivado	New			
Tutorial menu and misc	TUTORIAL_MISC_CHARGE	Charge (hold)		Carga (mantener)	New			
Tutorial menu and misc	TUTORIAL_MISC_CROUCH	Crouch (hold)		Agacharse (mantener)	New			
Tutorial menu and misc	TUTORIAL_MISC_CRUSH_DISABLED	Crush Disabled		Aplastamiento desactivado	New			length: 25 chars vs 14 in English
Tutorial menu and misc	TUTORIAL_MISC_DEAD_ONOS	The only good onos is a dead onos.		El único Onos bueno es un Onos muerto.	New			
Tutorial menu and misc	TUTORIAL_MISC_DETACH	Detach		Soltarse	New	CHECK	"Detach": I read it as a Skulk letting go of a wall.	
Tutorial menu and misc	TUTORIAL_MISC_DISPLAY_MAP	Display Map (hold)		Mostrar mapa (mantener)	New			
Tutorial menu and misc	TUTORIAL_MISC_DONT_FORGET_ONOS_UPGRADES	Don't forget upgrades!		¡No olvides las mejoras!	New			
Tutorial menu and misc	TUTORIAL_MISC_EQUIP_AXE	Equip Axe		Equipar hacha	New			
Tutorial menu and misc	TUTORIAL_MISC_EQUIP_BITE	Equip Bite		Equipar Mordida	New			
Tutorial menu and misc	TUTORIAL_MISC_EQUIP_PARASITE	Equip Parasite		Equipar Parásito	New			
Tutorial menu and misc	TUTORIAL_MISC_EQUIP_PISTOL	Equip Pistol		Equipar pistola	New			
Tutorial menu and misc	TUTORIAL_MISC_EQUIP_RIFLE	Equip Rifle		Equipar Rifle	New			
Tutorial menu and misc	TUTORIAL_MISC_EQUIP_WELDER	Equip Welder		Equipar soldador	New			
Tutorial menu and misc	TUTORIAL_MISC_EVOLVE_MENU	Evolve Menu		Menú de evolución	New			
Tutorial menu and misc	TUTORIAL_MISC_FADE_DISABLED	Fade Disabled		Fade desactivado	New			
Tutorial menu and misc	TUTORIAL_MISC_GORGE_DISABLED	Gorge Disabled		Gorge desactivado	New			
Tutorial menu and misc	TUTORIAL_MISC_GUN_LEFT	Fire Left Gun		Disparar arma izquierda	New			length: 23 chars vs 13 in English
Tutorial menu and misc	TUTORIAL_MISC_GUN_RIGHT	Fire Right Gun		Disparar arma derecha	New			
Tutorial menu and misc	TUTORIAL_MISC_LERK_DISABLED	Lerk Disabled		Lerk desactivado	New			
Tutorial menu and misc	TUTORIAL_MISC_PICKUP_AMMOPACK	Pickup the ammopack		Recoge el paquete de munición	New			
Tutorial menu and misc	TUTORIAL_MISC_PICKUP_BOTH_MEDPACKS	Pickup both medpacks		Recoge los dos Med packs	New			
Tutorial menu and misc	TUTORIAL_MISC_PICKUP_MEDPACK	Pickup the medpack		Recoge el Med pack	New			
Tutorial menu and misc	TUTORIAL_MISC_PICKUP_SHOTGUN	Pickup the shotgun		Recoge la escopeta	New			
Tutorial menu and misc	TUTORIAL_MISC_REQUEST_NUTRIENT_MIST	Request Nutrient Mist		Pedir neblina de nutrientes	New			
Tutorial menu and misc	TUTORIAL_MISC_SHOOT_PARASITE	Shoot Parasite		Disparar Parásito	New			
Tutorial menu and misc	TUTORIAL_MISC_SKULK_DISABLED	Skulk Disabled		Skulk desactivado	New			
Tutorial menu and misc	TUTORIAL_MISC_SKULK_FALL	Well I suppose that's ONE way to kill a skulk.		Bueno, supongo que esa es UNA forma de matar a un Skulk.	New			
Tutorial menu and misc	TUTORIAL_MISC_SNEAK	Sneak		Sigilo	New			
Tutorial menu and misc	TUTORIAL_MISC_SPRINT	Run	Correr	Correr	Kept			
Tutorial menu and misc	TUTORIAL_MISC_VAMPIRISM_DISABLED	Vampirism Disabled		Vampirismo desactivado	New			
Tutorial menu and misc	TUTORIAL_MISC_WELD_STRUCTURE	Weld Structure		Reparar estructura	New			
Tutorial menu and misc	TUT_ABOTNUMBER	NUMBER OF ALIEN BOTS	NÚMERO DE BOTS ALIEN	NÚMERO DE BOTS ALIEN	Kept			
Tutorial menu and misc	TUT_ACOMMBOT	ALIEN COMMANDER BOT	BOT COMMANDER ALIEN	BOT COMMANDER ALIEN	Kept			
Tutorial menu and misc	TUT_CAT_1	General		General	New			
Tutorial menu and misc	TUT_CAT_10	Fade & Onos	Fade y Onos	Fade y Onos	Kept			
Tutorial menu and misc	TUT_CAT_11	Evolution Traits	Mejoras evolutivas	Mejoras evolutivas	Kept			
Tutorial menu and misc	TUT_CAT_2	Marine Basics	Marine básico	Marine básico	Kept			
Tutorial menu and misc	TUT_CAT_3	Marine Advanced	Marine avanzado	Marine avanzado	Kept			
Tutorial menu and misc	TUT_CAT_4	Marine Weapons	Armas marine	Armas de Marine	Fixed	FIX	Marine capitalized, with "de".	
Tutorial menu and misc	TUT_CAT_5	Marine Items	Objetos marine	Objetos de Marine	Fixed	FIX	Same.	
Tutorial menu and misc	TUT_CAT_6	Alien Basics	Alien básico	Alien básico	Kept			
Tutorial menu and misc	TUT_CAT_7	Alien Advanced	Alien avanzado	Alien avanzado	Kept			
Tutorial menu and misc	TUT_CAT_8	Skulk & Lerk	Skulk y Lerk	Skulk y Lerk	Kept			
Tutorial menu and misc	TUT_CAT_9	Gorge		Gorge	New			
Tutorial menu and misc	TUT_MBOTNUMBER	NUMBER OF MARINE BOTS	NÚMERO DE BOTS MARINE	NÚMERO DE BOTS MARINE	Kept			
Tutorial menu and misc	TUT_MBOTSKILL	MARINE SKILL LEVEL	HABILIDAD MARINES	NIVEL DE HABILIDAD DE LOS MARINES	Fixed	FIX	"nivel de habilidad" per the glossary.	length: 33 chars vs 18 in English
Tutorial menu and misc	TUT_MCOMMBOT	MARINE COMMANDER BOT	BOT COMMANDER MARINE	BOT COMMANDER MARINE	Kept			
Tutorial menu and misc	TUT_MESSAGE_1	Learn the basics of Natural Selection 2!  Each tutorial should take about\n5-8 minutes to complete.  You can also put your Lerk and Fade skills to the\ntest in the Hive Challenge!		¡Aprende lo básico de Natural Selection 2! Cada tutorial lleva unos\n5-8 minutos. ¡También puedes poner a prueba tus habilidades de Lerk y Fade\nen el Hive Challenge!	New	CHECK	"Hive Challenge" kept as the mode's name.	
Tutorial menu and misc	TUT_MESSAGE_2	Sandbox mode allows you to freely practice and try out various parts of the game.\nYou can join the Marines and purchase any weapon from the Armory and Prototype Lab.\nYou can join the Aliens and evolve into any lifeform with any traits.	El modo sandbox te permite prácticar líbremente y probar el juego a tu antojo.\nPuedes entrar a Marines y comprar cualquier arma de la Armory y del Prototype Lab.\nPuedes entrar a Aliens y evolucionar a cualquier clase con cualquier mejora.	El modo Sandbox te permite practicar libremente y probar distintas partes del juego.\nPuedes unirte a los Marines y comprar cualquier arma en el Armory y el Prototype Lab.\nPuedes unirte a los Aliens y evolucionar a cualquier forma de vida con cualquier mejora.	Fixed	FIX	Accents (prácticar, líbremente); el Armory; forma de vida.	
Tutorial menu and misc	TUT_MESSAGE_3	NOTE: Bots are meant for learning the game, so they may not present a challenge to\nexperienced players. You can have friends join your game, but make sure your ports are\nforwarded. Enjoy!	NOTA: Los bots son para familiarizarse con el juego, así que no son un reto\npara jugadores experimentados. Tus amigos se pueden unir a la partida, pero asegurate que has abierto los\npuertos. ¡Disfruta!	NOTA: Los bots están pensados para aprender el juego, así que quizá no sean un reto para\njugadores experimentados. Tus amigos pueden unirse a tu partida, pero asegúrate de que tus puertos\nestén abiertos. ¡Que lo disfrutes!	Fixed	FIX	Accent on asegúrate; line breaks kept in the same places.	
Marine tutorial (old)	TUT_MARINE_MSG_1	Welcome to the ready room. NS2 is a team vs. team game, so walk towards the blue waypoint to join the Marine team.	Bienvenido a la ready room. NS2 es un juego de equipo, así que anda hacia el waypoint azul para hacerte Marine.	Bienvenido al Ready Room. NS2 es un juego de equipo contra equipo, así que camina hacia el punto de ruta azul para unirte al equipo Marine.	Fixed	FIX	el Ready Room; "punto de ruta" for waypoint; caminar, not andar.	
Marine tutorial (old)	TUT_MARINE_MSG_10	Use your welder to repair the command station by going up to it and holding the BIND_PrimaryAttack button.	Usa tu welder para reparar la Command Station acercándote y manteniendo pulsado BIND_PrimaryAttack.	Usa tu soldador para reparar la Command Station: acércate y mantén presionado BIND_PrimaryAttack.	Fixed	FIX	soldador; presionar.	
Marine tutorial (old)	TUT_MARINE_MSG_11	Good work! If the aliens destroy all command stations, marines will lose. Defend them and repair them.	¡Buen trabajo! Si los aliens destruyen todas las Command Station, los marines pierden. ¡Defiéndelas y repáralas!	¡Buen trabajo! Si los Aliens destruyen todas las Command Stations, los Marines pierden. Defiéndelas y repáralas.	Fixed	FIX	Capitals and plural.	
Marine tutorial (old)	TUT_MARINE_MSG_12	Now use your welder to build the observatory your commander just dropped by going up to it and holding the BIND_PrimaryAttack button. The welder builds faster.	Ahora usa tu welder para construir el observatorio que tu Commander acaba de poner acercándote y manteniendo pulsado BIND_PrimaryAttack. El welder construye más rápido.	Ahora usa tu soldador para construir el Observatory que tu Commander acaba de colocar: acércate y mantén presionado BIND_PrimaryAttack. El soldador construye más rápido.	Fixed	FIX	soldador; Observatory stays in English; presionar.	
Marine tutorial (old)	TUT_MARINE_MSG_13	Press the 1 key to switch back to your primary weapon.	Pulsa 1 para volver a tu arma principal.	Presiona la tecla 1 para volver a tu arma principal.	Fixed	FIX	presionar.	
Marine tutorial (old)	TUT_MARINE_MSG_14	The observatory has detected more enemies! They show up as red dots on your minimap on the top left of the screen. Find them and take care of them.	¡El observatorio ha detectado más enemigos! Aparecen como puntos rojos en el mapa en la esquina superior izquierda de la pantalla. Búscalos y ocúpate de ellos.	¡El Observatory detectó más enemigos! Aparecen como puntos rojos en tu minimapa, arriba a la izquierda de la pantalla. Encuéntralos y encárgate de ellos.	Fixed	FIX	Observatory; minimapa.	
Marine tutorial (old)	TUT_MARINE_MSG_15	If you run out of ammo, you can switch to other weapons using the 2 and 3 keys.	Si te quedas sin munición, puedes cambiar a tus otras armas pulsando 2 y 3.	Si te quedas sin munición, puedes cambiar a tus otras armas con las teclas 2 y 3.	Fixed	FIX	No "pulsando".	
Marine tutorial (old)	TUT_MARINE_MSG_16	Great, go back to the armory again to refill your ammo and health. 	Genial, vuelve a la armory otra vez para llenar tus armas y salud.	Genial, vuelve otra vez al Armory para recargar tu munición y tu salud. 	Fixed	FIX	el Armory; trailing space kept as in English.	
Marine tutorial (old)	TUT_MARINE_MSG_17	Always remember where the nearest armory is in case you need to retreat.	Siempre recuerda donde está la armory más cercana en caso de que necesites volver.	Recuerda siempre dónde está el Armory más cercano por si necesitas retirarte.	Fixed	FIX	el Armory; accent on dónde.	
Marine tutorial (old)	TUT_MARINE_MSG_18	Your commander has used team resources to research shotguns! But you need 20 personal resources to buy one.	¡Tu Commander ha usado recursos de equipo para investigar escopetas! Necesitas 20 res personales para comprar una.	¡Tu Commander usó recursos de equipo para investigar escopetas! Pero necesitas 20 recursos personales para comprar una.	Fixed	FIX	"recursos personales" in place of "res personales".	
Marine tutorial (old)	TUT_MARINE_MSG_19	To gain resources faster, help your team capture and secure resource points around the map. Hold BIND_ShowMap to open your detailed map and use it to navigate to Cafeteria.	Para ganar recursos más rápido, ayuda a tu equipo capturar y asegurar puntos de recursos por el mapa. Mantén pulsado BIND_ShowMap para abrir el mapa y úsalo para orientarte e ir a Cafetería.	Para ganar recursos más rápido, ayuda a tu equipo a capturar y asegurar nodos de recursos por el mapa. Mantén presionado BIND_ShowMap para abrir el mapa detallado y úsalo para ir a Cafeteria.	Fixed	FIX	nodo de recursos; presionar; room name kept as on the map.	
Marine tutorial (old)	TUT_MARINE_MSG_2	Each team has one commander and everyone else is a ground troop. For now, you will be a ground troop	Cada equipo tiene un commander y el resto son soldados de campo. Por ahora, serás un soldado.	Cada equipo tiene un Commander y todos los demás son tropas de campo. Por ahora, serás una tropa de campo	Fixed	FIX	Commander capitalized.	
Marine tutorial (old)	TUT_MARINE_MSG_20	There are enemies here! Dispatch all of them to secure the area.	¡Aquí hay enemigos! Deshazte de ellos para asegurar la zona.	¡Aquí hay enemigos! Elimínalos a todos para asegurar la zona.	Fixed	FIX	"all of them".	
Marine tutorial (old)	TUT_MARINE_MSG_21	Good work. Resource points are nozzles on the ground that emit gas. Find the one in cafeteria and stand on it.	Buen trabajo. Los puntos de recursos son las boquillas en el suelo que emiten gas. Encuentra la de Cafetería y ve hacía ella.	Buen trabajo. Los nodos de recursos son boquillas en el suelo que emiten gas. Encuentra el de Cafeteria y párate sobre él.	Fixed	FIX	nodo de recursos; "stand on it".	
Marine tutorial (old)	TUT_MARINE_MSG_22	You've found the resource point. Your commander will drop an extractor to harvest its resources. Build it.	Has encontrado el punto de recursos. Tu Commander te tirará un extractor para obtener recursos. Constrúyelo.	Encontraste el nodo de recursos. Tu Commander colocará un Extractor para recolectar sus recursos. Constrúyelo.	Fixed	FIX	nodo de recursos; Extractor capitalized.	
Marine tutorial (old)	TUT_MARINE_MSG_23	However, all marine structures need power to function. Build the nearby power node.	Sin embargo, todas las estructuras marines necesitan energía para funcionar. Construye el power node cercano.	Sin embargo, todas las estructuras de los Marines necesitan energía para funcionar. Construye el Nodo de energía cercano.	Fixed	FIX	Nodo de energía.	
Marine tutorial (old)	TUT_MARINE_MSG_24	The extractor will now produce resources. You will soon have enough to buy the shotgun back at the armory. Go buy it. [Hold SHIFT to sprint]	El extractor ahora producirá recursos. Pronto tendrás suficiente para comprar la escopeta en la armory. Compra una. [Mantén pulsado SHIFT para esprintar]	Ahora el Extractor producirá recursos. Pronto tendrás suficientes para comprar la escopeta en el Armory. Ve a comprarla. [Mantén presionado SHIFT para correr]	Fixed	FIX	presionar; "correr" in place of "esprintar".	
Marine tutorial (old)	TUT_MARINE_MSG_25	Awesome! Other weapons can be unlocked if your commander researches them.	¡Estupendo! Otras armas se pueden desbloquear si el Commander las investiga.	¡Genial! Se pueden desbloquear otras armas si tu Commander las investiga.	Fixed	FIX	Small wording change.	
Marine tutorial (old)	TUT_MARINE_MSG_26	More enemies have arrived! You know what to do!	¡Llegan más enemigos! ¡Ya sabes lo que hacer!	¡Llegaron más enemigos! ¡Ya sabes qué hacer!	Fixed	FIX	"lo que hacer" is Spain usage.	
Marine tutorial (old)	TUT_MARINE_MSG_27	Good work, rookie. Those are the basics of playing marines, but there are plenty more weapons, structures, and upgrades to discover!	Buen trabajo, principiante. Eso es lo básico de jugar marines, pero hay más armas, estructuras y mejoras que descubrir.	Buen trabajo, novato. Eso es lo básico de jugar como Marine, ¡pero hay muchas más armas, estructuras y mejoras por descubrir!	Fixed	FIX	novato per the glossary.	
Marine tutorial (old)	TUT_MARINE_MSG_28	Now press BIND_ReadyRoom to go back to the ready room and learn about the alien side.	Ahora pulsa BIND_ReadyRoom para volver a la ready room y aprender el lado alien.	Ahora presiona BIND_ReadyRoom para volver al Ready Room y aprender sobre el lado Alien.	Fixed	FIX	presionar; el Ready Room.	
Marine tutorial (old)	TUT_MARINE_MSG_3	Your commander has dropped an armory, a very important structure. Go up to the blue ghost and hold E to build it.	Tu commander ha colocado una armory, una estructura importante. Acércate a la estructura fantasma y mantén E pulsado para construirla.	Tu Commander colocó un Armory, una estructura muy importante. Acércate al fantasma azul y mantén presionado E para construirlo.	Fixed	FIX	el Armory; presionar.	
Marine tutorial (old)	TUT_MARINE_MSG_4	Good work. But there are enemies nearby. Go to the other side of the room, find them, and dispatch them. [You cannot die in the tutorial]	Buen trabajo. Pero hay enemigos cerca. Ve al otro lado de la sala, encuéntralos y mátalos. [No puedes morir en el tutorial]	Buen trabajo. Pero hay enemigos cerca. Ve al otro lado del cuarto, encuéntralos y elimínalos. [No puedes morir en el tutorial]	Fixed	FIX	"cuarto" for room, as in batch 1.	
Marine tutorial (old)	TUT_MARINE_MSG_5	Good shooting! Go back to the armory to refill your ammo and health.	¡Buen trabajo! Vuelve a la armory para rellenar tu vida y munición.	¡Buena puntería! Vuelve al Armory para recargar tu munición y tu salud.	Fixed	FIX	"Good shooting"; salud.	
Marine tutorial (old)	TUT_MARINE_MSG_6	Simply stand near the armory and look at it to resupply.	Simplemente acércate y mira hacía la armory para recibir vida y munición.	Solo párate cerca del Armory y míralo para reabastecerte.	Fixed	FIX	el Armory.	
Marine tutorial (old)	TUT_MARINE_MSG_7	Another enemy has snuck in and is attacking your command station, the large structure behind the armory. Defend it!	Otro enemigo se ha colado y está atacando tu Command Station, la estructura grande detrás de la armory. ¡Defiendela!	Otro enemigo se coló y está atacando tu Command Station, la estructura grande detrás del Armory. ¡Defiéndela!	Fixed	FIX	Accent on Defiéndela; el Armory.	
Marine tutorial (old)	TUT_MARINE_MSG_8	The command station is damaged. Go back to the armory, press E, and use your mouse to buy the welder.	La Command Station está dañada. Vuelve a la armory, pulsa E, y usa el ratón para comprar un welder.	La Command Station está dañada. Vuelve al Armory, presiona E y usa el mouse para comprar el soldador.	Fixed	FIX	presionar; mouse; soldador.	
Marine tutorial (old)	TUT_MARINE_MSG_9	Buying equipment costs personal resources, displayed at the bottom right of the screen.	Comprar equipamiento cuesta recursos personales, mostrados en la esquina inferior derecha de tu pantalla.	Comprar equipo cuesta recursos personales, que se muestran abajo a la derecha de la pantalla.	Fixed	FIX	Tighter.	
Alien tutorial (old)	TUT_ALIEN_MSG_1	Welcome back to the ready room. Now walk towards the yellow waypoint to join the Alien team.	Bienvenido de nuevo a la ready room. Ahora ve hacía el waypoint amarillo para unirte al equipo Alien.	Bienvenido de nuevo al Ready Room. Ahora camina hacia el punto de ruta amarillo para unirte al equipo Alien.	Fixed	FIX	el Ready Room; punto de ruta; "hacia" has no accent.	
Alien tutorial (old)	TUT_ALIEN_MSG_10	You can hold SHIFT to silence your foot steps so enemies can't hear you.	Puedes pulsar SHIFT para silenciar tus pasos para que tus enemigos no te oigan.	Puedes mantener presionado SHIFT para silenciar tus pasos y que los enemigos no te oigan.	Fixed	FIX	Hold; presionar.	
Alien tutorial (old)	TUT_ALIEN_MSG_11	Get that marine down there!	¡Ve a por ese marine de ahí!	¡Atrapa a ese Marine de ahí abajo!	Fixed	FIX	"down there".	
Alien tutorial (old)	TUT_ALIEN_MSG_12	Skulks are useful, but you can evolve into other life forms as well. Press BIND_Buy to open the evolve menu, then evolve into the Gorge.	Los Skulks son útiles, pero puedes evolucionar a otras clases. Pulsa BIND_Buy para abrir el menú de evolución, y evoluciona a Gorge.	Los Skulks son útiles, pero también puedes evolucionar a otras formas de vida. Presiona BIND_Buy para abrir el menú de evolución y evoluciona a Gorge.	Fixed	FIX	forma de vida, not "clase"; presionar.	
Alien tutorial (old)	TUT_ALIEN_MSG_13	The gorge is a defensive support life form that can heal and build small structures	El Gorge es una clase de soporte que puede curar y construir pequeñas estructuras	El Gorge es una forma de vida defensiva de apoyo que puede curar y construir estructuras pequeñas	Fixed	FIX	forma de vida; "defensive" restored.	
Alien tutorial (old)	TUT_ALIEN_MSG_14	Try building a few clogs. Press the number 2, then 2 again, then aim at something and BIND_PrimaryAttack. Build 3 of them.	Intenta construir unos cuantos clogs. Pulsa 2, después 2 de nuevo, apunta a algo y pulsa BIND_PrimaryAttack. Construye 3.	Prueba construir unos Clogs. Presiona el número 2, luego 2 otra vez, apunta a algo y usa BIND_PrimaryAttack. Construye 3.	Fixed	FIX	Clogs capitalized; presionar.	
Alien tutorial (old)	TUT_ALIEN_MSG_15	Clogs can block off passages and slow down marines.	Los Clogs pueden bloquear pasillos y ralentizar marines.	Los Clogs pueden bloquear pasillos y frenar a los Marines.	Fixed	FIX	Marines capitalized.	
Alien tutorial (old)	TUT_ALIEN_MSG_16	You need to heal them for them to grow. Aim at them and hold BIND_SecondaryAttack.	Necesitas curar para que crezcan. Apunta en esa dirección y mantén pulsado BIND_SecondaryAttack.	Tienes que curarlas para que crezcan. Apúntales y mantén presionado BIND_SecondaryAttack.	Fixed	FIX	Refers to the Hidras just built; presionar.	
Alien tutorial (old)	TUT_ALIEN_MSG_17	A marine is coming! But don't worry. Stand near your hydras and let them take care of him for you.	¡Viene un marine! No te preocupes. Mantente cerca de tus hydras y ellas se encargarán de él por tí.	¡Viene un Marine! Pero no te preocupes. Quédate cerca de tus Hidras y deja que ellas se encarguen de él.	Fixed	FIX	Hidra; "ti" has no accent.	
Alien tutorial (old)	TUT_ALIEN_MSG_18	Finally, let's try out the flying Lerk. Press BIND_Buy and evolve into it now.	Para finalizar, probemos el Lerk. Pulsa BIND_Buy y evoluciona a esa clase.	Por último, probemos el Lerk volador. Presiona BIND_Buy y evoluciona a Lerk ahora.	Fixed	FIX	presionar; "flying" restored.	
Alien tutorial (old)	TUT_ALIEN_MSG_19	Lerks move by flying. Hold W and tap space bar repeatedly to fly forward, and hold space bar to glide. Try this now.	Los Lerks vuelan. Mantén pulsado W y ve pulsando la barra espaciadora para volar hacia adelante, mantén pulsada la barra espaciadora para planear.	Los Lerks se mueven volando. Mantén presionado W y toca la barra espaciadora varias veces para volar hacia delante, y mantén presionada la barra espaciadora para planear. Pruébalo ahora.	Fixed	FIX	presionar; "Try this now" restored.	
Alien tutorial (old)	TUT_ALIEN_MSG_2	Please wait while you spawn.	Por favor espera para renacer.	Espera mientras renaces.	Fixed	FIX	Tighter.	
Alien tutorial (old)	TUT_ALIEN_MSG_20	Fly around and dispatch the marine in Courtyard! BIND_SecondaryAttack to shoot projectives, BIND_PrimaryAttack to bite.	¡Vuela alrededor y mata al marine en Courtyard! BIND_SecondaryAttack para disparar proyectiles, BIND_PrimaryAttack para morder.	¡Vuela y elimina al Marine en Courtyard! BIND_SecondaryAttack para disparar proyectiles, BIND_PrimaryAttack para morder.	Fixed	FIX	Marine capitalized.	
Alien tutorial (old)	TUT_ALIEN_MSG_21	Lastly, aliens can evolve traits. Press BIND_Buy, click the yellow icon labeled Regeneration on the bottom right of the circle, then click 'Evolve'.	Por último, los aliens pueden obtener mejoras evolutivas. Pulsa BIND_Buy, pulsa el icono amarillo llamado Regeneration en la parte inferior derecha del círculo y pulsa 'Evolucionar'.	Por último, los Aliens pueden evolucionar mejoras. Presiona BIND_Buy, haz click en el ícono amarillo llamado Regeneración, abajo a la derecha del círculo, y luego haz click en 'Evolucionar'.	Fixed	FIX	presionar; haz click; Regeneración; ícono.	
Alien tutorial (old)	TUT_ALIEN_MSG_22	Those are the basics of playing aliens. There are more life forms and abilities to learn about, and you can try them out in the Sandbox mode under the Training menu.	Eso es lo básico para jugar aliens. Hay más clases y habilidades que aprender, las puedes probar en el modo Sandbox en el menú de entrenamiento.	Eso es lo básico de jugar como Alien. Hay más formas de vida y habilidades por aprender, y puedes probarlas en el modo Sandbox del menú Entrenamiento.	Fixed	FIX	forma de vida.	
Alien tutorial (old)	TUT_ALIEN_MSG_23	You can also practice against bots via the Training menu if you don't feel ready to play real games yet. Good luck and have fun!	También puedes practicar contra bots en el menú de entrenamiento si no te ves preparado para jugar partidas de verdad todavía. ¡Buena suerte y diviértete!	También puedes practicar contra bots desde el menú Entrenamiento si todavía no te sientes listo para jugar partidas reales. ¡Buena suerte y diviértete!	Fixed	FIX	Small wording change.	
Alien tutorial (old)	TUT_ALIEN_MSG_24	You can also build hydras, which function as defensive turrets. Press the number 2, then the number 1 to select them. Build 3 of them.	También puedes construir hydras, que funcionan como torretas defensivas. Pulsa el número 2 y después el número 1 para seleccionarlas. Construye 3.	También puedes construir Hidras, que funcionan como torretas defensivas. Presiona el número 2 y luego el número 1 para seleccionarlas. Construye 3.	Fixed	FIX	Hidra; presionar.	
Alien tutorial (old)	TUT_ALIEN_MSG_25	Now your health will regenerate over time. Your commander decides which traits to make available, and each gives a specific benefit to any lifeform.	Ahora tu salud se recuperará con el tiempo. Tu commander decide que mejoras están disponibles, y ofrece ciertos beneficios a los aliens.	Ahora tu salud se regenerará con el tiempo. Tu Commander decide qué mejoras están disponibles, y cada una da un beneficio específico a cualquier forma de vida.	Fixed	FIX	Commander capitalized; accent on qué.	
Alien tutorial (old)	TUT_ALIEN_MSG_26	Use your map and fly to Courtyard.	Usa el mapa para volar hasta Courtyard.	Usa tu mapa y vuela hasta Courtyard.	Fixed	FIX	Small wording change.	
Alien tutorial (old)	TUT_ALIEN_MSG_3	Aliens start as skulks. You can walk up walls by going up to a wall, looking up, and pressing W. Walk up towards the ceiling fan now.	Los aliens comienzan como skulks. Puedes andar por las paredes acercándote a ellas, mirando hacia arriba y pulsando W. Ve hacia el ventilador del techo.	Los Aliens empiezan como Skulks. Puedes subir por las paredes: acércate a una, mira hacia arriba y presiona W. Sube ahora hacia el ventilador del techo.	Fixed	FIX	Capitals; presionar.	
Alien tutorial (old)	TUT_ALIEN_MSG_4	Good. As long as you stay close to a wall or ceiling, you will not fall.	Bien. Siempre que estés cerca de una pared o techo, no te caerás.	Bien. Mientras te mantengas cerca de una pared o del techo, no te caerás.	Fixed	FIX	Small wording change.	
Alien tutorial (old)	TUT_ALIEN_MSG_5	A marine is below you! Climb down while staying behind him, sneak up, then BIND_PrimaryAttack to bite!	¡Hay un marine debajo! Baja sigilosamente y ve por detrás, pulsa BIND_PrimaryAttack para morder.	¡Hay un Marine debajo de ti! Baja manteniéndote detrás de él, acércate con sigilo y luego usa BIND_PrimaryAttack para morder.	Fixed	FIX	Marine capitalized; order of the steps.	
Alien tutorial (old)	TUT_ALIEN_MSG_6	Good work. Stand near the Hive, the large orange organism under the ceiling fan, to get healed.	Buen trabajo. Quédate cerca de la Hive, el organismo grande y naranja bajo el ventilador, para curarte.	Buen trabajo. Quédate cerca de la Hive, el gran organismo naranja bajo el ventilador del techo, para curarte.	Fixed			
Alien tutorial (old)	TUT_ALIEN_MSG_7	If marines destroy all hives, they win. Defend them.	Si los marines eliminan todas las hives, ganan. Defiéndelas.	Si los Marines destruyen todas las Hives, ganan. Defiéndelas.	Fixed	FIX	Capitals; destroyed.	
Alien tutorial (old)	TUT_ALIEN_MSG_8	Now hold BIND_ShowMap to use your map and go to Pressure Control. Find the marine there and dispatch him.	Ahora mantén pulsado BIND_ShowMap para usar tu mapa e ir a Pressure Control. Encuentra al marine que hay allí y mátalo.	Ahora mantén presionado BIND_ShowMap para usar tu mapa e ir a Pressure Control. Encuentra al Marine que está allí y elimínalo.	Fixed	FIX	presionar; Marine capitalized.	
Alien tutorial (old)	TUT_ALIEN_MSG_9	Good hunting! Open your map again, and note the thick orange line East of you. This is a vent. Find the entrance and go through it.	¡Buen trabajo! Abre tu mapa de nuevo, y fíjate en la línea ancha naranja a tu derecha. Es un vent. Encuentra la entrada y métete allí.	¡Buena caza! Abre tu mapa otra vez y fíjate en la línea naranja gruesa al este de ti. Es un conducto de ventilación. Encuentra la entrada y atraviésalo.	Fixed	FIX	"East", not "right"; conducto de ventilación.	
Commander tutorial (old)	COMMANDER_TUT_BUILD_ARMORY	One of the most important tasks as marine commander is to support your troops. Select the build menu [1:BuildMenu] and build an Armory [2:Armory] in your base. From this structure, your marines will be able to obtain ammo and heal themselve.	Una de las tareas más importantes del commander marine es dar soporte a tus soldados. Selecciona el menú de construir [1:BuildMenu] y construye una Armory [2:Armory] en tu base. De esta estructura, tus marines podrán obtener munición y curarse.	Una de las tareas más importantes del Commander Marine es apoyar a sus tropas. Selecciona el menú de construcción [1:BuildMenu] y construye un Armory [2:Armory] en tu base. En esta estructura tus Marines podrán conseguir munición y curarse.	Fixed	FIX	el Armory; Commander capitalized.	
Commander tutorial (old)	COMMANDER_TUT_BUILD_ARMS_LAB	Your team needs upgrades. Select the build menu [1:BuildMenu] and create an Arms Lab [2:ArmsLab] in your base.	Tu equipo necesita mejoras. Selecciona el menú de construir [1:BuildMenu] y crea un Arms Lab [2:ArmsLab] en tu base.	Tu equipo necesita mejoras. Selecciona el menú de construcción [1:BuildMenu] y crea un Arms Lab [2:ArmsLab] en tu base.	Fixed	FIX	"menú de construcción", one name for the menu.	
Commander tutorial (old)	COMMANDER_TUT_BUILD_CYST	All structures need infestation. To expand it, you need to first select the build menu [1:BuildMenu], then select the Cyst [2:Cyst] icon and place it.	Todas las estructuras necesitan infestación. Para expandirla, primero necesitas seleccionar el menú de construir [1:BuildMenu] y después seleccionar el icono del Cyst [2:Cyst] y colocarlo.	Todas las estructuras necesitan infestación. Para expandirla, primero selecciona el menú de construcción [1:BuildMenu], luego selecciona el ícono del Cyst [2:Cyst] y colócalo.	Fixed	FIX	ícono; menú de construcción.	
Commander tutorial (old)	COMMANDER_TUT_BUILD_EXTRACTOR	You need a higher resource [CollectResources] income. Select the build menu [1:BuildMenu] and build an Extractor [2:Extractor] at the closest resource node.	Necesitas más recursos [CollectResources]. Selecciona el menú de construir [1:BuildMenu] y construye un Extractor [2:Extractor] en el nodo más cercano.	Necesitas un mayor ingreso de recursos [CollectResources]. Selecciona el menú de construcción [1:BuildMenu] y construye un Extractor [2:Extractor] en el nodo de recursos más cercano.	Fixed	FIX	nodo de recursos.	
Commander tutorial (old)	COMMANDER_TUT_BUILD_HIVE	Stronger abilities require a higher biomass level. The current level is displayed at the top left of your screen. To increase the biomass level, select the build menu [1:BuildMenu] and build another Hive [2:Hive] at a free tech point [TechPoint]	Mejores habilidades requiere un nivel más alto de biomass. El nivel actual se muestra en la esquina superior izquierda de la pantalla. Para aumentar el nivel de biomass, selecciona el menú de construir [1:BuildMenu] y construye otra Hive [2:Hive] en un tech point sin ocupar [TechPoint]	Las habilidades más fuertes requieren un nivel de biomasa más alto. El nivel actual se muestra arriba a la izquierda de tu pantalla. Para aumentar el nivel de biomasa, selecciona el menú de construcción [1:BuildMenu] y construye otra Hive [2:Hive] en un tech point libre [TechPoint]	Fixed	FIX	biomasa; grammar.	
Commander tutorial (old)	COMMANDER_TUT_BUILD_OBS	Advanced technologies allows marines to travel instantly between two points. To unlock this technology, select the advanced build menu [1:AdvancedMenu] and create an Observatory [2:Observatory] in your base. Observatories have a passive ability and scan the area around it.	Tecnologías avanzadas permiten a los marines viajar instantáneamente entre dos puntos. Para desbloquear esta tecnología, selecciona el menú avanzado [1:AdvancedMenu] y crea un Observatory [2:Observatory] en tu base. Los observatorios tienen una habilidad pasiva y escanean el área a su alrededor.	Las tecnologías avanzadas permiten a los Marines viajar al instante entre dos puntos. Para desbloquear esta tecnología, selecciona el menú de construcción avanzada [1:AdvancedMenu] y crea un Observatory [2:Observatory] en tu base. Los Observatories tienen una habilidad pasiva y escanean el área a su alrededor.	Fixed	FIX	Observatory stays in English.	
Commander tutorial (old)	COMMANDER_TUT_BUILD_PHASE_GATE	Phase Gate Technology is now unlocked. Select the advanced build menu [1:AdvancedMenu]. All phase gates you build will be connected with each other (connection is indicated as a line on the minimap) and allow marines to instantly travel between those points. Build the first Phase Gate [2:PhaseGate] in your base.	La tecnología de Phase Gates está desarrollada. Selecciona el menú de construcción avanzado [1:AdvancedMenu]. Todos los phase gates que construyas estarán conectados entre ellos (la conexión se indica con una linea en el minimapa) y permite a los marines viajar instantáneamente entre esos puntos. Construye el primer Phase Gate [2:PhaseGate] en tu base.	La tecnología de fase ya está desbloqueada. Selecciona el menú de construcción avanzada [1:AdvancedMenu]. Todos los portales de fase que construyas estarán conectados entre sí (la conexión se indica con una línea en el minimapa) y permitirán a los Marines viajar al instante entre esos puntos. Construye el primer portal de fase [2:PhaseGate] en tu base.	Fixed	FIX	portal de fase and tecnología de fase per the glossary; no "desarrollada".	
Commander tutorial (old)	COMMANDER_TUT_BUILD_PROTO	Now since you have an Arms Lab, it's time to unlock Exosuits for your marines. Build a [2:PrototypeLab] from the advanced build menu [1:AdvancedMenu].	Ahora que tienes una Advanced Armory, es hora de desbloquear más equipamiento para tus marines. Una serie de tecnologías experimentales son accesibles desde el menú de construcción avanzada [1:AdvancedMenu] en el [2:PrototypeLab]	Ahora que tienes un Arms Lab, es hora de desbloquear los Exotrajes para tus Marines. Construye un [2:PrototypeLab] desde el menú de construcción avanzada [1:AdvancedMenu].	Fixed	FIX	The old line translated an older English text (Advanced Armory).	
Commander tutorial (old)	COMMANDER_TUT_BUILD_SECOND_PHASE_GATE	Now chose a destination point, ideally next to an unoccupiet Tech Point [TechPoint]. Select the advanced build menu [1:AdvancedMenu] and build the phase gate [2:PhaseGate]	Ahora elige un punto de destino, preferiblemente cerca de un tech point sin ocupar [TechPoint]. Selecciona el menú de construcción avanzada [1:AdvancedMenu] y construye el phase gate [2:PhaseGate]	Ahora elige un punto de destino, idealmente junto a un tech point libre [TechPoint]. Selecciona el menú de construcción avanzada [1:AdvancedMenu] y construye el portal de fase [2:PhaseGate]	Fixed	FIX	portal de fase.	
Commander tutorial (old)	COMMANDER_TUT_BUILD_SECOND_SHELL	Select the advanced build menu [1:AdvancedMenu] and build a second shell [2:SecondShell] 	Selecciona el menú de construcción avanzada [1:AdvancedMenu] y construye una segunda Shell [2:SecondShell]	Selecciona el menú de construcción avanzada [1:AdvancedMenu] y construye una segunda Shell [2:SecondShell] 	Fixed	FIX	Trailing space restored, as in English.	
Commander tutorial (old)	COMMANDER_TUT_BUILD_SECOND_SPUR	Select the advanced build menu [1:AdvancedMenu] and build a second spur [2:SecondSpur] 	Selecciona el menú de construcción avanzada [1:AdvancedMenu] y construye un segundo Spur [2:SecondSpur]	Selecciona el menú de construcción avanzada [1:AdvancedMenu] y construye un segundo Spur [2:SecondSpur] 	Fixed	FIX	Trailing space restored.	
Commander tutorial (old)	COMMANDER_TUT_BUILD_SECOND_VEIL	Select the advanced build menu [1:AdvancedMenu] and build a second veil [2:SecondVeil] 	Selecciona el menú de construcción avanzada [1:AdvancedMenu] y construye una segunda Veil [2:SecondVeil]	Selecciona el menú de construcción avanzada [1:AdvancedMenu] y construye un segundo Veil [2:SecondVeil] 	Fixed	FIX	el Veil per the glossary; trailing space restored.	
Commander tutorial (old)	COMMANDER_TUT_BUILD_SHELL	Select the advanced build menu [1:AdvancedMenu] and build a Shell [2:Shell] next to your Hive. This unlocks new upgrades for your team, build a maximum of three for increase upgrade strength.	Selecciona el menú de construcción avanzada [1:AdvancedMenu] y construye una Shell [2:Shell] al lado de tu Hive. Esto desbloquea nuevas mejoras para tu equipo, construye un máximo de tres para incrementar la efectividad de la mejora.	Selecciona el menú de construcción avanzada [1:AdvancedMenu] y construye una Shell [2:Shell] junto a tu Hive. Esto desbloquea nuevas mejoras para tu equipo; construye hasta tres para aumentar la fuerza de las mejoras.	Fixed	FIX	Small wording change.	
Commander tutorial (old)	COMMANDER_TUT_BUILD_SPUR	Select the advanced build menu [1:AdvancedMenu] and build a Spur [2:Spur] next to your Hive. This unlocks new upgrades for your team, build a maximum of three for increase upgrade strength.	Selecciona el menú de construcción avanzada [1:AdvancedMenu] y construye un Spur [2:Spur] al lado de tu Hive. Esto desbloquea nuevas mejoras para tu equipo, construye un máximo de tres para incrementar la efectividad de la mejora.	Selecciona el menú de construcción avanzada [1:AdvancedMenu] y construye un Spur [2:Spur] junto a tu Hive. Esto desbloquea nuevas mejoras para tu equipo; construye hasta tres para aumentar la fuerza de las mejoras.	Fixed	FIX	Same.	
Commander tutorial (old)	COMMANDER_TUT_BUILD_VEIL	Select the advanced build menu [1:AdvancedMenu] and build a Veil [2:Veil] next to your Hive. This unlocks new upgrades for your team, build a maximum of three for increase upgrade strength.	Selecciona el menú de construcción avanzada [1:AdvancedMenu] y construye una Veil [2:Veil] al lado de tu Hive. Esto desbloquea nuevas mejoras para tu equipo, construye un máximo de tres para incrementar la efectividad de la mejora.	Selecciona el menú de construcción avanzada [1:AdvancedMenu] y construye un Veil [2:Veil] junto a tu Hive. Esto desbloquea nuevas mejoras para tu equipo; construye hasta tres para aumentar la fuerza de las mejoras.	Fixed	FIX	el Veil per the glossary.	
Commander tutorial (old)	COMMANDER_TUT_CONSTRUCT_DRIFTER	You can increase the grow rate of any structure by using Drifters [1:DrifterEgg], which can be build on infestation. Drifters will automatically search for ungrown structures in range, but you can also manually order them.	Puedes incrementar la velocidad de crecimiento de cualquier estructura usando Drifters [1:DrifterEgg], que se puede construir en infestación. Los Drifters buscarán estructuras a construir en su rango, pero también puedes darles órdenes directamente.	Puedes aumentar la velocidad de crecimiento de cualquier estructura con Drifters [1:DrifterEgg], que se construyen sobre infestación. Los Drifters buscan automáticamente estructuras sin crecer a su alcance, pero también puedes darles órdenes a mano.	Fixed	FIX	"automatically" restored.	
Commander tutorial (old)	COMMANDER_TUT_DROP_AMMOPACK	You directly supply your Marines by dropping packs they can pick up. Select the assist menu [1:AssistMenu] and drop an ammopack [2:AmmoPack] to provide ammunition.	Puedes administrar munición a tus marines directamente tirándoles paquetes de munición que pueden recoger. Selecciona el menú de asistencia [1:AssistMenu] y tira un ammopack [2:AmmoPack] para dar munición.	Abasteces directamente a tus Marines soltando paquetes que pueden recoger. Selecciona el menú de asistencia [1:AssistMenu] y suelta un paquete de munición [2:AmmoPack] para darles munición.	Fixed	FIX	paquete de munición.	
Commander tutorial (old)	COMMANDER_TUT_DROP_MEDPACK	You directly supply your Marines by dropping packs they can pick up. Select the assist menu [1:AssistMenu] and drop a medpack [2:MedPack] to heal wounded marines.	Puedes administrar salud a tus marines directamente tirándoles medpacks que pueden recoger. Selecciona el menú de asistencia [1:AssistMenu] y tira un medpack [2:MedPack] para curar a marines heridos.	Abasteces directamente a tus Marines soltando paquetes que pueden recoger. Selecciona el menú de asistencia [1:AssistMenu] y suelta un Med pack [2:MedPack] para curar a los Marines heridos.	Fixed	FIX	Med pack.	
Commander tutorial (old)	COMMANDER_TUT_INFEST_NODE	You need a higher resource [CollectResources] income. Build a cyst [1:Cyst] next to the closest resource node, then once the infestation has spread over the node, select the harvester [2:Harvester] from the build menu and drop it on the resource node.	Necesitas más recursos [CollectResources]. Construye un cyst [1:Cyst] al lado del nodo de recursos más cercano, y una vez que la infestación se haya extendido sobre el nodo, selecciona el harvester [2:Harvester] del menú de construcción y ponlo en el nodo de recursos.	Necesitas un mayor ingreso de recursos [CollectResources]. Construye un Cyst [1:Cyst] junto al nodo de recursos más cercano y, cuando la infestación se haya extendido sobre el nodo, selecciona el Harvester [2:Harvester] del menú de construcción y colócalo sobre el nodo de recursos.	Fixed	FIX	Capitals.	
Commander tutorial (old)	COMMANDER_TUT_ORDER_DRIFTER	With right click you can give the Drifter a move order [1:Move] The drifter also has a set of abilities to support your team mates that are unlocked depending on which hive types you have upgraded. Click on an ability [2:EnzymeCloud] [2:Hallucinate] [2:MucousMembrane] then select a target position.	Con el botón derecho puedes darle al Drifter una order para moverse [1:Move] El drifter también tiene habilidades para dar soporte a tus compañeros dependiendo de el tipo de hives que tengas. Haz click en una habilidad [2:EnzymeCloud] [2:Hallucinate] [2:MucousMembrane] y después selecciona un punto donde aplicarla.	Con click derecho puedes darle al Drifter una orden de movimiento [1:Move] El Drifter también tiene un conjunto de habilidades para apoyar a tus compañeros, que se desbloquean según los tipos de Hive que hayas mejorado. Haz click en una habilidad [2:EnzymeCloud] [2:Hallucinate] [2:MucousMembrane] y luego selecciona una posición objetivo.	Fixed	FIX	Typo "order"; capitals.	
Commander tutorial (old)	COMMANDER_TUT_ORDER_DRIFTER_TO_HIVE	To increase the grow rate of your Hive, select a Drifter [1:Drifter] and right click on the unbuilt hive [2:Grow] 	Para aumentar la velocidad de crecimiento de tu Hive, selecciona un Drifter [1:Drifter] y haz click derecho en la Hive sin construir [2:Grow]	Para aumentar la velocidad de crecimiento de tu Hive, selecciona un Drifter [1:Drifter] y haz click derecho en la Hive sin construir [2:Grow] 	Fixed	FIX	Trailing space restored.	
Commander tutorial (old)	COMMANDER_TUT_ORDER_TROOPS	Order your marines to build the structures you just dropped. To select all marines, click on the item at the top left [1:Marine]. Then right click on an unbuilt structure to give them a build order [2:Construct] 	Da ordenes a tus marines para que construyan lo que acabas de colocar. Para seleccionar a todos los marines, pulsa en el objeto arriba a la izquierda [1:Marine]. Después haz click derecho en una estructura sin construir para darles la orden de construir [2:Construct]	Ordena a tus Marines construir las estructuras que acabas de colocar. Para seleccionar a todos los Marines, haz click en el elemento de arriba a la izquierda [1:Marine]. Luego haz click derecho en una estructura sin construir para darles una orden de construcción [2:Construct] 	Fixed	FIX	Accent on órdenes avoided; haz click; trailing space restored.	
Commander tutorial (old)	COMMANDER_TUT_RESEARCH_PHASE_TECH	Select your Observatory [1:Observatory] and click on Phase Tech [2:PhaseTech]	Selecciona tu Observatory [1:Observatory] y haz click en Phase Tech [2:PhaseTech]	Selecciona tu Observatory [1:Observatory] y haz click en Tecnología de fase [2:PhaseTech]	Fixed	FIX	tecnología de fase per the glossary.	
Commander tutorial (old)	COMMANDER_TUT_RESEARCH_WEAPON_ONE	Its about time to give your marine new toys to play with. Select your armory [1:Armory], and chose a weapon to research [2:ShotgunTech] [2:MinesTech] [2:GrenadeTech] 	Es hora de que les des a tus marines nuevos juguetes con los que jugar. Selecciona tu armory [1:Armory], y elige un arma para desbloquear [2:ShotgunTech] [2:MinesTech] [2:GrenadeTech]	Ya es hora de darles a tus Marines juguetes nuevos. Selecciona tu Armory [1:Armory] y elige un arma para investigar [2:ShotgunTech] [2:MinesTech] [2:GrenadeTech] 	Fixed	FIX	investigar; trailing space restored.	
Commander tutorial (old)	COMMANDER_TUT_SELECT_DRIFTER	You can use your drifter not only to speed up construction time, but for abilities as well. Select the assist menu [1:AssistMenu], click on select drifter [2:SelectDrifter]	Puedes usar tu drifter no solo para mejorar tiempos de construcción, sino para habilidades también. Selecciona el menú de asistencia [1:AssistMenu], haz click en seleccionar drifter [2:SelectDrifter]	Puedes usar tu Drifter no solo para acelerar la construcción, sino también por sus habilidades. Selecciona el menú de asistencia [1:AssistMenu] y haz click en seleccionar Drifter [2:SelectDrifter]	Fixed	FIX	Drifter capitalized.	
Commander tutorial (old)	COMMANDER_TUT_UPGRADE_ARMORY	To unlock more powerful weapons, you need to select your Armory [1:Armory] and upgrade it [2:AdvancedArmoryUpgrade]. This will allow your marine to purchase Grenade Launchers [GrenadeLauncher] and Flame Throwers [Flamethrower]	Para mejorar armas más potentes, necesitas seleccionar la Armory [1:Armory] y mejorarla [2:AdvancedArmoryUpgrade]. Esto permitirá a tus marines comprar lanzagranadas [GrenadeLauncher] y lanzallamas [Flamethrower]	Para desbloquear armas más poderosas, selecciona tu Armory [1:Armory] y mejóralo [2:AdvancedArmoryUpgrade]. Esto permitirá a tus Marines comprar lanzagranadas [GrenadeLauncher] y lanzallamas [Flamethrower]	Fixed	FIX	"unlock", not "mejorar"; el Armory.	glossary: 'Flamethrower' should be translated ('lanzallamas')
Commander tutorial (old)	COMMANDER_TUT_UPGRADE_ARMOR_TWO	Don't forget that your Arms Lab provides multiple levels of armor upgrades. Select the Arms Lab [1:ArmsLab] and research armor level 2 [2:Armor2]	No te olvides de que tu Arms Lab te ofrece multiples niveles de mejoras de armadura. Selecciona el Arms Lab [1:ArmsLab] e investiga el nivel 2 de armadura [2:Armor2]	No olvides que tu Arms Lab ofrece varios niveles de mejoras de armadura. Selecciona el Arms Lab [1:ArmsLab] e investiga la armadura de nivel 2 [2:Armor2]	Fixed	FIX	Accent (multiples).	
Commander tutorial (old)	COMMANDER_TUT_UPGRADE_AT_ARMS_LAB	Select the Arms Lab [1:ArmsLab] and chose either weapons [2:Weapons1] or armor [2:Armor1] upgrade. Each category can be upgraded three times.	Selecciona el Arms Lab [1:ArmsLab] y elige entre mejorar armas [2:Weapons1] o armadura [2:Armor1]. Cada categoría se puede mejorar tres veces.	Selecciona el Arms Lab [1:ArmsLab] y elige la mejora de armas [2:Weapons1] o la de armadura [2:Armor1]. Cada categoría se puede mejorar tres veces.	Fixed	FIX	Small wording change.	
Commander tutorial (old)	COMMANDER_TUT_UPGRADE_BIOMASS	Every hive can provide a maximum of 3 biomass. To increase the by one hive unlocked biomass, select it [1:Hive] and click on research biomass [2:ResearchBioMassOne]	Cada hive da hasta un máximo de 3 niveles de biomass. Para incrementar en uno el nivel de biomass, selecciona la hive [1:Hive] y haz click en añadir biomass [2:ResearchBioMassOne]	Cada Hive puede dar un máximo de 3 de biomasa. Para aumentar en uno la biomasa desbloqueada por una Hive, selecciónala [1:Hive] y haz click en investigar biomasa [2:ResearchBioMassOne]	Fixed	FIX	biomasa; investigar.	
Commander tutorial (old)	COMMANDER_TUT_UPGRADE_BIOMASS_TWO	Every hive can provide a maximum of 3 biomass. To increase the by one hive unlocked biomass, select it [1:Hive] and click on research biomass [2:ResearchBioMassTwo]	Cada hive da un máximo de 3 biomass. Para incrementar en uno el nivel de biomass, selecciona la hive [1:Hive] y haz click en añadir biomass [2:ResearchBioMassTwo]	Cada Hive puede dar un máximo de 3 de biomasa. Para aumentar en uno la biomasa desbloqueada por una Hive, selecciónala [1:Hive] y haz click en investigar biomasa [2:ResearchBioMassTwo]	Fixed	FIX	Same.	
Commander tutorial (old)	COMMANDER_TUT_UPGRADE_GORGE	Every alien class has its own set of abilities. Not all of them are unlocked from the start. To upgrade the Gorge [Gorge] select your Hive [1:Hive] click at the lifeform evolutions menu [2:LifeFormMenu] followed by the Gorge menu [3:GorgeMenu] . Finally, click Bilebomb [4:BileBomb] to unlock the Bilebomb ability.	Cada clase alien tiene sus propias mejoras. No todas se pueden desbloquear desde el principio. Para mejorar el Gorge [Gorge] selecciona tu Hive [1:Hive] y pulsa el botón de evoluciones de aliens [2:LifeFormMenu] seguido del menú de Gorge [3:GorgeMenu]. Finalmente, pulsa Bilebomb [4:BileBomb] para desbloquear la habilidad Bilebomb.	Cada forma de vida Alien tiene su propio conjunto de habilidades. No todas están desbloqueadas desde el principio. Para mejorar al Gorge [Gorge], selecciona tu Hive [1:Hive], haz click en el menú de evoluciones de formas de vida [2:LifeFormMenu] y luego en el menú del Gorge [3:GorgeMenu] . Por último, haz click en Bomba de Bilis [4:BileBomb] para desbloquear esa habilidad.	Fixed	FIX	forma de vida; Bomba de Bilis.	
Commander tutorial (old)	COMMANDER_TUT_UPGRADE_HIVE	Your team needs upgrades. You first need to select the Hive [1:Hive] , then chose one of the three hive types [2:CragHive] [2:ShadeHive] [2:ShiftHive].	Tu equipo necesita mejoras. Primero haz click en la Hive [1:Hive] y después pulsa uno de los 3 tipos de Hive [2:CragHive] [2:ShadeHive] [2:ShiftHive].	Tu equipo necesita mejoras. Primero selecciona la Hive [1:Hive] , luego elige uno de los tres tipos de Hive [2:CragHive] [2:ShadeHive] [2:ShiftHive].	Fixed	FIX	Small wording change.	
Commander tutorial (old)	COMMANDER_TUT_UPGRADE_JETPACK	Select the advanced armory [1:AdvancedArmory] and research Jetpacks [2:JetpackTech]	Selecciona el prototype lab [1:PrototypeLab] e investiga Jetpacks [2:JetpackTech]	Selecciona el Advanced Armory [1:AdvancedArmory] e investiga Jetpacks [2:JetpackTech]	Fixed	FIX	The English now says Advanced Armory; the old line named the Prototype Lab with a different marker.	
Commander tutorial (old)	COMMANDER_TUT_UPGRADE_WEAPON_TWO	Don't forget that your Arms Lab provides multiple levels of weapon upgrades. Select the Arms Lab [1:ArmsLab] and research weapons level 2 [2:Weapons2]	No te olvides que tu Arms Lab ofrece varios niveles de mejoras de armas. Selecciona el Arms Lab [1:ArmsLab] e investiga el nivel de armas 2 [2:Weapons2]	No olvides que tu Arms Lab ofrece varios niveles de mejoras de armas. Selecciona el Arms Lab [1:ArmsLab] e investiga las armas de nivel 2 [2:Weapons2]	Fixed	FIX	Small wording change.	
Commander tutorial (old)	COMMANDER_TUT_VIEW_TECH	To see an overview of all technologies, click on the Tech Map icon [1:Research] next to the minimap on the bottom left of your screen.	Para ver el árbol tecnológico, pulsa el icono de árbol tecnológico [1:Research] al lado del minimapa en la esquina inferior izquierda de tu pantalla.	Para ver un resumen de todas las tecnologías, haz click en el ícono del árbol de tecnologías [1:Research] junto al minimapa, abajo a la izquierda de tu pantalla.	Fixed	FIX	"árbol de tecnologías" per the glossary; haz click; ícono.	glossary: 'research' should be translated ('investigar / investigación')
Bronze tutorials	TUTORIAL_BRONZE_ALIEN_1	Welcome to the alien team.		Bienvenido al equipo Alien.	New			
Bronze tutorials	TUTORIAL_BRONZE_ALIEN_2	This is the hive, defend it at all costs!  If all hives are destroyed, you lose!  Each round starts with a single hive, but the commander can place more as the round continues.		Esta es la Hive: ¡defiéndela a toda costa! Si todas las Hives son destruidas, pierdes. Cada ronda empieza con una sola Hive, pero el Commander puede colocar más a medida que avanza la ronda.	New			
Bronze tutorials	TUTORIAL_BRONZE_ALIEN_3	Dead players are reborn inside eggs, which are periodically dropped from the hive.		Los jugadores muertos renacen dentro de huevos, que la Hive suelta cada cierto tiempo.	New			
Bronze tutorials	TUTORIAL_BRONZE_ALIEN_4	You have just spawned as a skulk -- the starting lifeform for aliens.  The skulk has a vicious bite, and the ability to effortlessly walk along walls and ceilings.  Try it out now.		Acabas de aparecer como Skulk, la forma de vida inicial de los Aliens. El Skulk tiene una mordida feroz y la capacidad de caminar sin esfuerzo por paredes y techos. Pruébalo ahora.	New			
Bronze tutorials	TUTORIAL_BRONZE_ALIEN_5	Good.  You can also force yourself to detach at any time by either moving away from the surface, or by pressing the detach key.  Try detaching from a wall now.		Bien. También puedes soltarte en cualquier momento alejándote de la superficie o presionando la tecla de soltarse. Prueba soltarte de una pared ahora.	New			
Bronze tutorials	TUTORIAL_BRONZE_ALIEN_6	You can also silence your footsteps as a skulk.		Como Skulk también puedes silenciar tus pasos.	New			
Bronze tutorials	TUTORIAL_BRONZE_ALIEN_7	The commander needs more resources, but there is a marine preventing the commander from expanding their territory.  Kill him!		El Commander necesita más recursos, pero hay un Marine que le impide expandir su territorio. ¡Mátalo!	New			
Bronze tutorials	TUTORIAL_BRONZE_ALIEN_8	That marine is at the end of a long hallway, and they are looking right at you.  You're never going to be able to close that distance fast enough before they kill you.		Ese Marine está al final de un pasillo largo y te está mirando directamente. Nunca vas a poder recorrer esa distancia antes de que te mate.	New			
Bronze tutorials	TUTORIAL_BRONZE_ALIEN_9	One thing we can do however, is mark them.		Pero hay algo que sí podemos hacer: marcarlo.	New			
Bronze tutorials	TUTORIAL_BRONZE_ALIEN_10	The parasite is a ranged weapon that does a tiny amount of damage, but allows the entire team to see exactly where the marine is located, which is valuable intel.		El parásito es un arma a distancia que hace muy poco daño, pero permite a todo el equipo ver exactamente dónde está el Marine, lo cual es información valiosa.	New			
Bronze tutorials	TUTORIAL_BRONZE_ALIEN_11	Switch to your parasite now.		Cambia a tu parásito ahora.	New			
Bronze tutorials	TUTORIAL_BRONZE_ALIEN_12	Try peeking around the corner and parasiting that marine now.  Be quick about it and keep your distance!		Asómate por la esquina y parasita a ese Marine. ¡Hazlo rápido y mantén la distancia!	New			
Bronze tutorials	TUTORIAL_BRONZE_ALIEN_13	Good job, the marine is parasited.		Buen trabajo, el Marine está parasitado.	New			
Bronze tutorials	TUTORIAL_BRONZE_ALIEN_14	Return to the hive to heal.		Vuelve a la Hive para curarte.	New			
Bronze tutorials	TUTORIAL_BRONZE_ALIEN_15	Oops, you died anyways.  No big deal.		Ups, moriste igual. No pasa nada.	New			
Bronze tutorials	TUTORIAL_BRONZE_ALIEN_16	Now we should take care of that marine.  They control the hallway, so we'll need to go around.  Open your map.		Ahora hay que encargarse de ese Marine. Él controla el pasillo, así que tendremos que rodearlo. Abre tu mapa.	New			
Bronze tutorials	TUTORIAL_BRONZE_ALIEN_17	Some parts of the map are orange instead of grey.  These areas are called vents.  Notice that there is a vent connecting Pipeline to The Neck -- bypassing that long hallway.  Find the vent, and sneak through it.		Algunas partes del mapa son naranjas en lugar de grises. Esas zonas son conductos de ventilación. Fíjate que hay un conducto que conecta Pipeline con The Neck y evita ese pasillo largo. Encuentra el conducto y atraviésalo con sigilo.	New			
Bronze tutorials	TUTORIAL_BRONZE_ALIEN_18	The marine heard you.  Make sure you sneak, even while still inside the vent.  Sound travels very far.  A good marine will be able to hear you 1 to 2 rooms away.		El Marine te oyó. Asegúrate de moverte con sigilo, incluso dentro del conducto. El sonido llega muy lejos. Un buen Marine puede oírte a 1 o 2 cuartos de distancia.	New			
Bronze tutorials	TUTORIAL_BRONZE_ALIEN_19	Good job!  Instead of having to return to the hive to heal, the commander has upgraded to a Crag Hive.  You now have access to 3 new alien traits.  Open your evolve menu.		¡Buen trabajo! Para que no tengas que volver a la Hive a curarte, el Commander la mejoró a Crag Hive. Ahora tienes acceso a 3 nuevas mejoras Alien. Abre tu menú de evolución.	New			
Bronze tutorials	TUTORIAL_BRONZE_ALIEN_20	Near the bottom, you can see the three traits the Crag Hive unlocked: vamparism, carapace, and regeneration.  Evolve regeneration now.		Cerca de la parte inferior puedes ver las tres mejoras que desbloqueó la Crag Hive: vampirismo, caparazón y regeneración. Evoluciona regeneración ahora.	New			
Bronze tutorials	TUTORIAL_BRONZE_ALIEN_21	Great!  The skulk lifeform is able to upgrade traits for free, but other lifeforms will cost you personal resources.		¡Genial! El Skulk puede evolucionar mejoras gratis, pero a las demás formas de vida les costará recursos personales.	New			
Bronze tutorials	TUTORIAL_BRONZE_ALIEN_22	The commander is going to attempt to capture the resource node in C-12.  Check your map to see where this is, and go there now.		El Commander va a intentar capturar el nodo de recursos de C-12. Mira tu mapa para ver dónde queda y ve allí ahora.	New			
Bronze tutorials	TUTORIAL_BRONZE_ALIEN_23	The room appears to be clear, so it's safe to drop the Harvester.		El cuarto parece despejado, así que es seguro colocar el Harvester.	New			
Bronze tutorials	TUTORIAL_BRONZE_ALIEN_24	The harvester is very vulnerable right now, and will not generate resources until it is completed.  It will build very slowly on its own, so the commander is hatching a drifter to help it along.		El Harvester es muy vulnerable en este momento y no generará recursos hasta estar terminado. Por sí solo se construye muy lento, así que el Commander está incubando un Drifter para ayudarlo.	New			
Bronze tutorials	TUTORIAL_BRONZE_ALIEN_25	Drifters are servants of the Commander.  They build structures, cast abilities, and cost a good amount of resources.		Los Drifters son sirvientes del Commander. Construyen estructuras, usan habilidades y cuestan una buena cantidad de recursos.	New			
Bronze tutorials	TUTORIAL_BRONZE_ALIEN_26	A marine is nearby!  Set up an ambush in case they decide to attack.  Try waiting on the wall above the entrance.		¡Hay un Marine cerca! Prepara una emboscada por si decide atacar. Prueba esperar en la pared sobre la entrada.	New			
Bronze tutorials	TUTORIAL_BRONZE_ALIEN_27	Good work defending the harvester!  The commander has moved a Crag into the room to heal the harvester.  Crags heals all alien structures and lifeforms in a large radius.  Stand near the crag to heal now.		¡Buen trabajo defendiendo el Harvester! El Commander trajo un Crag al cuarto para curar el Harvester. Los Crags curan a todas las estructuras y formas de vida Alien en un radio amplio. Quédate cerca del Crag para curarte ahora.	New			
Bronze tutorials	TUTORIAL_BRONZE_ALIEN_28	It won't heal you as fast as a hive or gorge would, but it's still very useful to have nearby.		No te curará tan rápido como una Hive o un Gorge, pero igual es muy útil tenerlo cerca.	New			
Bronze tutorials	TUTORIAL_BRONZE_ALIEN_29	The harvester has finished building.  Now we have resources flowing in much faster!		El Harvester terminó de construirse. ¡Ahora los recursos entran mucho más rápido!	New			
Bronze tutorials	TUTORIAL_BRONZE_ALIEN_30	It sounds like there are some Marines nearby, building something.  Use the vent in this room to assess the situation.		Parece que hay Marines cerca construyendo algo. Usa el conducto de ventilación de este cuarto para evaluar la situación.	New			
Bronze tutorials	TUTORIAL_BRONZE_ALIEN_31	The Marines have just built a phase gate!  This will allow them to reinforce this position instantly.  We should destroy it as soon as possible, but there are far too many Marines here now.  We will need to draw them away.		¡Los Marines acaban de construir un portal de fase! Eso les permitirá reforzar esta posición al instante. Deberíamos destruirlo cuanto antes, pero ahora hay demasiados Marines aquí. Tendremos que alejarlos.	New			
Bronze tutorials	TUTORIAL_BRONZE_ALIEN_32	If we attack something else, that will force some of them to go back to defend, weakening their forward position.		Si atacamos otra cosa, algunos tendrán que volver a defender, y eso debilitará su posición avanzada.	New			
Bronze tutorials	TUTORIAL_BRONZE_ALIEN_33	Destroy that Extractor!		¡Destruye ese Extractor!	New			
Bronze tutorials	TUTORIAL_BRONZE_ALIEN_34	Good work!  It's okay that you died, because you've drawn them away from the Phase Gate, making it a vulnerable target.		¡Buen trabajo! No importa que hayas muerto, porque los alejaste del portal de fase y lo dejaste vulnerable.	New			
Bronze tutorials	TUTORIAL_BRONZE_ALIEN_35	You have enough personal resources to evolve to a higher lifeform.		Tienes suficientes recursos personales para evolucionar a una forma de vida superior.	New			
Bronze tutorials	TUTORIAL_BRONZE_ALIEN_36	Select the Onos.  It is the most expensive lifeform, but also the most devastating.		Selecciona el Onos. Es la forma de vida más cara, pero también la más devastadora.	New			
Bronze tutorials	TUTORIAL_BRONZE_ALIEN_37	Request a nutrient mist to make yourself evolve faster.		Pide una neblina de nutrientes para evolucionar más rápido.	New			
Bronze tutorials	TUTORIAL_BRONZE_ALIEN_38	These Gorges will follow you into battle, healing you when you take damage.  Let's go destroy that phase gate now!		Estos Gorges te seguirán a la batalla y te curarán cuando recibas daño. ¡Vamos a destruir ese portal de fase!	New			
Bronze tutorials	TUTORIAL_BRONZE_ALIEN_39	Charge at that marine!		¡Carga contra ese Marine!	New			
Bronze tutorials	TUTORIAL_BRONZE_ALIEN_40	Destroy it all!		¡Destrúyelo todo!	New			
Bronze tutorials	TUTORIAL_BRONZE_ALIEN_41	That'll teach those filthy oxygen-breathers!  With their forward position removed, it's time to hit their main base.		¡Así aprenderán esos asquerosos respiradores de oxígeno! Con su posición avanzada eliminada, es hora de atacar su base principal.	New			
Bronze tutorials	TUTORIAL_BRONZE_ALIEN_42	The gorges are building a tunnel.  Tunnels allow fast travel between two distant positions on the map.		Los Gorges están construyendo un túnel. Los túneles permiten viajar rápido entre dos puntos distantes del mapa.	New			
Bronze tutorials	TUTORIAL_BRONZE_ALIEN_43	The tunnel is open!  Stand on it to enter.		¡El túnel está abierto! Párate sobre él para entrar.	New			
Bronze tutorials	TUTORIAL_BRONZE_ALIEN_44	There's the marine base.  Destroy it!		Ahí está la base de los Marines. ¡Destrúyela!	New			
Bronze tutorials	TUTORIAL_BRONZE_ALIEN_45	Destroy the infantry portals to stop them from respawning!		¡Destruye los Infantry Portals para que no puedan renacer!	New			
Bronze tutorials	TUTORIAL_BRONZE_ALIEN_46	Now finish off the Command Station to end the game!		¡Ahora acaba con la Command Station para terminar la partida!	New			
Bronze tutorials	TUTORIAL_BRONZE_ALIEN_47	Excellent job!  That was the only command station the marines had.  Therefore...		¡Excelente trabajo! Esa era la única Command Station que tenían los Marines. Por lo tanto...	New			
Bronze tutorials	TUTORIAL_BRONZE_ALIEN_48	Heads up!  Some of the marines are leaving the phase gate to come defend this position.		¡Atención! Algunos Marines están dejando el portal de fase para venir a defender esta posición.	New			
Bronze tutorials	TUTORIAL_BRONZE_ALIEN_49	Try using stomp against groups of marines.		Prueba usar el pisotón contra grupos de Marines.	New			
Bronze tutorials	TUTORIAL_BRONZE_ALIEN_50	Destroy the power node in this room.  The darkness will make it easier to defend.		Destruye el Nodo de energía de este cuarto. La oscuridad hará más fácil defenderlo.	New			
Bronze tutorials	TUTORIAL_BRONZE_ALIEN_EGG_1	Don't worry about killing the marine yet; just parasite them and move on.		No te preocupes por matar al Marine todavía; solo parasítalo y sigue adelante.	New			
Bronze tutorials	TUTORIAL_BRONZE_ALIEN_EGG_2	You can parasite the marine from afar -- there is no need to get closer.		Puedes parasitar al Marine desde lejos: no hace falta acercarse.	New			
Bronze tutorials	TUTORIAL_BRONZE_ALIEN_EGG_3	The parasite is a ranged weapon.  Stop running towards the marine.		El parásito es un arma a distancia. Deja de correr hacia el Marine.	New			
Bronze tutorials	TUTORIAL_BRONZE_ALIEN_EGG_4	Stop it!  That's not helping.		¡Basta! Eso no ayuda.	New			
Bronze tutorials	TUTORIAL_BRONZE_ALIEN_EGG_5	They're never going to miss.  Try a different strategy.		Nunca va a fallar. Prueba otra estrategia.	New			
Bronze tutorials	TUTORIAL_BRONZE_ALIEN_EGG_6	I don't know how much more plainly I can say this: STOP RUNNING AT THE MARINE.		No sé cómo decirlo más claro: DEJA DE CORRER HACIA EL MARINE.	New			
Bronze tutorials	TUTORIAL_BRONZE_ALIEN_EGG_7	Am I- am I muted, or something?		¿Estoy... estoy silenciado o algo así?	New			
Bronze tutorials	TUTORIAL_BRONZE_ALIEN_EGG_8	Why do you keep doing this?		¿Por qué sigues haciendo esto?	New			
Bronze tutorials	TUTORIAL_BRONZE_ALIEN_EGG_9	I'm having trouble grasping where the fun of this is coming from.		Me cuesta entender dónde está la diversión en esto.	New			
Bronze tutorials	TUTORIAL_BRONZE_ALIEN_EGG_10	You're not only wasting your time, you're wasting MY time.		No solo pierdes tu tiempo: pierdes MI tiempo.	New			
Bronze tutorials	TUTORIAL_BRONZE_ALIEN_EGG_11	Oh wait, no you're not wasting my time!  These are pre-recorded messages.		Ah, espera, ¡no estás perdiendo mi tiempo! Estos son mensajes pregrabados.	New			
Bronze tutorials	TUTORIAL_BRONZE_ALIEN_EGG_12	Seriously, I don't know what you think you're accomplishing here.		En serio, no sé qué crees que estás logrando.	New			
Bronze tutorials	TUTORIAL_BRONZE_ALIEN_EGG_13	I can wait just as long as you can, I am a very patient man.		Puedo esperar tanto como tú; soy un hombre muy paciente.	New			
Bronze tutorials	TUTORIAL_BRONZE_ALIEN_EGG_14	*Pages rustling, coffee slurping*		*Ruido de páginas, sorbos de café*	New			
Bronze tutorials	TUTORIAL_BRONZE_ALIEN_EGG_15	Uh, by the way, that marine is never ever going to run out of bullets.		Eh, por cierto, a ese Marine nunca jamás se le van a acabar las balas.	New			
Bronze tutorials	TUTORIAL_BRONZE_ALIEN_EGG_16	Try jumping along the wall to give yourself a speed boost.		Prueba saltar por la pared para ganar velocidad.	New			
Bronze tutorials	TUTORIAL_BRONZE_ALIEN_EGG_17	Oh I didn't meant to imply that would help.  But it did speed things up, now didn't it?		Ah, no quise decir que eso ayudaría. Pero aceleró las cosas, ¿no?	New			
Bronze tutorials	TUTORIAL_BRONZE_ALIEN_EGG_18	Oh I think you almost got him that time!		¡Uy, creo que esta vez casi lo logras!	New			
Bronze tutorials	TUTORIAL_BRONZE_ALIEN_EGG_19	Are you being forced to do this against your will?		¿Te están obligando a hacer esto contra tu voluntad?	New			
Bronze tutorials	TUTORIAL_BRONZE_ALIEN_EGG_20	If you are, just continue doing what you're doing, and I'll call the police.		Si es así, sigue haciendo lo que haces y yo llamo a la policía.	New			
Bronze tutorials	TUTORIAL_BRONZE_ALIEN_EGG_21	Yes, hi.  I'm recording- yes I'm recording voiceovers for a video game, and one of the players who will be playing this is being held hostage, I suspect.		Sí, hola. Estoy grabando... sí, estoy grabando voces para un videojuego, y sospecho que uno de los jugadores que va a jugar esto está secuestrado.	New			
Bronze tutorials	TUTORIAL_BRONZE_ALIEN_EGG_22	Um, I guess I mean \"will be held hostage\" in the future-tense, as they- what?  Oh no everything's fine right now.		Eh, supongo que quiero decir \"estará secuestrado\", en futuro, porque... ¿qué? Ah, no, ahora mismo todo está bien.	New			
Bronze tutorials	TUTORIAL_BRONZE_ALIEN_EGG_23	No, what I'm saying is that there's a player who hypothetically will be playing this in the future who refuses to complete the tutorial, and I suspect they are being held against their will.		No, lo que digo es que hay un jugador que hipotéticamente jugará esto en el futuro y se niega a completar el tutorial, y sospecho que lo retienen contra su voluntad.	New			
Bronze tutorials	TUTORIAL_BRONZE_ALIEN_EGG_24	No I don't have an address.  I don't know anything is taking place for-sure.  I- hello?  Hello?		No, no tengo una dirección. No sé con certeza que esté pasando algo. Yo... ¿hola? ¿Hola?	New			
Bronze tutorials	TUTORIAL_BRONZE_ALIEN_EGG_25	Hi I think we got disconnected earlier.  I was the guy calling about the hostage situation that may or may not occur in the future sometime, at an undisclosed- Hello?		Hola, creo que se cortó antes. Soy el que llamó por la situación de rehenes que puede o no ocurrir en algún momento del futuro, en un lugar no especifi... ¿Hola?	New			
Bronze tutorials	TUTORIAL_BRONZE_ALIEN_EGG_26	Darn phone lines must be down.  Wow... you're still going at it aren't you?		Las malditas líneas deben estar caídas. Vaya... sigues en lo mismo, ¿no?	New			
Bronze tutorials	TUTORIAL_BRONZE_ALIEN_EGG_27	You're persistent, I'll give you that!		Eres persistente, ¡eso te lo reconozco!	New			
Bronze tutorials	TUTORIAL_BRONZE_ALIEN_EGG_28	Alright, for all your troubles, I'm happy to award you this... special... achievement.  Just, go away...		Está bien, por todas tus molestias, con gusto te otorgo este... logro... especial. Solo... vete...	New			
Bronze tutorials	TUTORIAL_BRONZE_MARINE_1	Welcome to the Marine team, soldier!  As a marine, your primary concern is to protect this structure: the Command Station.		¡Bienvenido al equipo Marine, soldado! Como Marine, tu principal preocupación es proteger esta estructura: la Command Station.	New			
Bronze tutorials	TUTORIAL_BRONZE_MARINE_2	The marine commander sits inside this structure, coordinating the team from an eagle-eye view.		El Commander Marine se sienta dentro de esta estructura y coordina al equipo con vista de águila.	New			
Bronze tutorials	TUTORIAL_BRONZE_MARINE_3	And this is an infantry portal.  This is where marines are 3d-printed back into existence.  Without these vitally important structures, your team cannot respawn.		Y este es un Infantry Portal. Aquí es donde los Marines se imprimen en 3D para volver a existir. Sin estas estructuras vitales, tu equipo no puede renacer.	New			
Bronze tutorials	TUTORIAL_BRONZE_MARINE_4	Marines spawn with a rifle, a pistol, and an axe.  Try switching to them now.		Los Marines aparecen con un Rifle, una pistola y un hacha. Prueba cambiar entre ellos ahora.	New			
Bronze tutorials	TUTORIAL_BRONZE_MARINE_5	The commander has dropped an armory blueprint.  The commander can place buildings, but they require ground troops like you to actually build the structure.  Approach the blueprint, and build the armory with your 'use' key.		El Commander colocó el plano de un Armory. El Commander puede colocar estructuras, pero necesita tropas de campo como tú para construirlas. Acércate al plano y construye el Armory con tu tecla de 'usar'.	New			
Bronze tutorials	TUTORIAL_BRONZE_MARINE_6	Good.  Now you have a place to heal, as well as buy any new weapons that the commander unlocks.  One of our base structures needs repairing.  Buy a welder from the armory.		Bien. Ahora tienes un lugar para curarte y para comprar las armas nuevas que el Commander desbloquee. Una de las estructuras de la base necesita reparación. Compra un soldador en el Armory.	New			
Bronze tutorials	TUTORIAL_BRONZE_MARINE_7	Now you can repair the observatory.		Ahora puedes reparar el Observatory.	New			
Bronze tutorials	TUTORIAL_BRONZE_MARINE_8	The observatory is a valuable structure that allows you to detect enemies through walls in a large radius.		El Observatory es una estructura valiosa que te permite detectar enemigos a través de las paredes en un radio amplio.	New			
Bronze tutorials	TUTORIAL_BRONZE_MARINE_9	Good work.  The commander would like to unlock more weapons for the team, but needs more resources to do so.  To get resources faster, we need more resource extractors, but extractors can only be built on resource nodes, and this room only has the one.		Buen trabajo. Al Commander le gustaría desbloquear más armas para el equipo, pero necesita más recursos. Para conseguir recursos más rápido necesitamos más Extractors, pero solo se pueden construir sobre nodos de recursos, y este cuarto tiene uno solo.	New			
Bronze tutorials	TUTORIAL_BRONZE_MARINE_10	We will build our second extractor in Cafeteria.  Open your map to find Cafeteria.		Construiremos nuestro segundo Extractor en Cafeteria. Abre tu mapa para encontrar Cafeteria.	New			
Bronze tutorials	TUTORIAL_BRONZE_MARINE_11	The map is an invaluable tool for both marines and aliens.  Refer to it often.  Make your way to Cafeteria now.		El mapa es una herramienta invaluable tanto para Marines como para Aliens. Consúltalo seguido. Ahora ve a Cafeteria.	New			
Bronze tutorials	TUTORIAL_BRONZE_MARINE_12	You've just been parasited!  Notice the yellow icon in the corner, and the bugs crawling over your weapon.  Every alien in the game can now see exactly where you are -- even through walls!  Unfortunately, there's no way to get rid of a parasite except to simply wait it out.		¡Te acaban de parasitar! Fíjate en el ícono amarillo de la esquina y en los bichos que caminan sobre tu arma. Ahora todos los Aliens de la partida pueden ver exactamente dónde estás, ¡incluso a través de las paredes! Por desgracia, no hay forma de quitarse un parásito salvo esperar a que pase.	New			
Bronze tutorials	TUTORIAL_BRONZE_MARINE_13	The commander has scanned the area.  There's the alien that parasited you.  Kill it!		El Commander escaneó la zona. Ahí está el Alien que te parasitó. ¡Mátalo!	New			
Bronze tutorials	TUTORIAL_BRONZE_MARINE_14	Good work, but you've been injured.  Request a medpack from the commander to heal yourself.		Buen trabajo, pero te hirieron. Pide un Med pack al Commander para curarte.	New			
Bronze tutorials	TUTORIAL_BRONZE_MARINE_15	There.  You've been healed, and the commander spent one resource to do so.  You can also request an ammo pack to resupply yourself.  Do this now.		Listo. Te curaste, y al Commander le costó un recurso. También puedes pedir un paquete de munición para reabastecerte. Hazlo ahora.	New			
Bronze tutorials	TUTORIAL_BRONZE_MARINE_16	Good.  The commander spent another resource to give you that ammo.  Now, go secure the resource node in Cafeteria to ensure they can afford to continue to support you.		Bien. El Commander gastó otro recurso para darte esa munición. Ahora ve a asegurar el nodo de recursos de Cafeteria para que pueda seguir apoyándote.	New			
Bronze tutorials	TUTORIAL_BRONZE_MARINE_17	There is a tunnel here, and it's open!  Aliens will use this structure to bring in reinforcements.  Destroy it quickly!		¡Aquí hay un túnel, y está abierto! Los Aliens usan esta estructura para traer refuerzos. ¡Destrúyelo rápido!	New			
Bronze tutorials	TUTORIAL_BRONZE_MARINE_18	Attack the tunnel first!  We can destroy the harvester once we've secured the room.		¡Ataca primero el túnel! Podemos destruir el Harvester una vez que aseguremos el cuarto.	New			
Bronze tutorials	TUTORIAL_BRONZE_MARINE_19	Good work.  Aliens no longer have a fast route to this location.  Now finish off the harvester.		Buen trabajo. Los Aliens ya no tienen una ruta rápida hasta aquí. Ahora acaba con el Harvester.	New			
Bronze tutorials	TUTORIAL_BRONZE_MARINE_20	Notice the green infestation on the floor is receding.  Infestation is spread by cysts and gorge tunnels.  Without infestation covering the ground, this harvester will slowly die on its own anyways, but we can help it along.		Fíjate que la infestación verde del suelo está retrocediendo. La infestación se extiende con Cysts y túneles de Gorge. Sin infestación cubriendo el suelo, este Harvester morirá lentamente por sí solo, pero podemos ayudarlo.	New			
Bronze tutorials	TUTORIAL_BRONZE_MARINE_21	Now we can take possession of these resources for ourselves.  The first step is to build the powernode in this room, located on the north wall.		Ahora podemos quedarnos con estos recursos. El primer paso es construir el Nodo de energía de este cuarto, que está en la pared norte.	New			
Bronze tutorials	TUTORIAL_BRONZE_MARINE_22	Now we can build that extractor.		Ahora podemos construir ese Extractor.	New			
Bronze tutorials	TUTORIAL_BRONZE_MARINE_23	We now have resources flowing in twice as fast as before.		Ahora los recursos entran el doble de rápido que antes.	New			
Bronze tutorials	TUTORIAL_BRONZE_MARINE_24	Base is under attack!  Prepare to be beaconed home!		¡La base está bajo ataque! ¡Prepárate para que el Beacon te lleve de vuelta!	New			
Bronze tutorials	TUTORIAL_BRONZE_MARINE_25	Good thing we fixed up that observatory!  It not only reveals nearby enemies, but can also recall all foot soldiers back to home base, as you've just seen.  Refill your health and ammo at the armory.		¡Menos mal que reparamos ese Observatory! No solo revela enemigos cercanos: también puede traer a todos los soldados de vuelta a la base, como acabas de ver. Recarga tu salud y munición en el Armory.	New			
Bronze tutorials	TUTORIAL_BRONZE_MARINE_26	Shotguns have just been researched.  Buy one at the armory now.		Se acaban de investigar las escopetas. Compra una en el Armory ahora.	New			
Bronze tutorials	TUTORIAL_BRONZE_MARINE_27	Unfortunately, even with the extra resources, you still cannot afford a shotgun.  Luckily, the commander is feeling extra generous today.		Por desgracia, aun con los recursos extra, todavía no te alcanza para una escopeta. Por suerte, hoy el Commander se siente muy generoso.	New			
Bronze tutorials	TUTORIAL_BRONZE_MARINE_28	A shotgun has been dropped near the armory.  Pick it up.		Dejaron una escopeta cerca del Armory. Recógela.	New			
Bronze tutorials	TUTORIAL_BRONZE_MARINE_29	Now we've got some serious close-range firepower.  And good timing, the observatory has detected an enemy; check your map.  Go try out your new shotgun!		Ahora sí tenemos potencia de fuego seria a corta distancia. Y justo a tiempo: el Observatory detectó un enemigo; mira tu mapa. ¡Ve a probar tu escopeta nueva!	New			
Bronze tutorials	TUTORIAL_BRONZE_MARINE_30	The aliens have an onos!  Luckily, we have some additional firepower now, and we can use it to assault the hive.		¡Los Aliens tienen un Onos! Por suerte, ahora tenemos más potencia de fuego y podemos usarla para asaltar la Hive.	New			
Bronze tutorials	TUTORIAL_BRONZE_MARINE_31	Find the prototype lab in base -- the tall, thin structure -- and buy an exosuit.		Busca el Prototype Lab en la base, la estructura alta y delgada, y compra un Exotraje.	New			
Bronze tutorials	TUTORIAL_BRONZE_MARINE_32	Nice!  But two miniguns would be better than one, wouldn't you agree?  Go to the prototype lab again and upgrade the metal claw to another gun!		¡Bien! Pero dos Miniguns son mejores que una, ¿no crees? ¡Ve otra vez al Prototype Lab y cambia la garra de metal por otra arma!	New			
Bronze tutorials	TUTORIAL_BRONZE_MARINE_33	Awesome, let's go wreck some aliens!  Move towards the room called 'Departures' on your map.  Your teammates will assist you on foot.		¡Genial, vamos a destrozar Aliens! Avanza hacia el cuarto llamado 'Departures' en tu mapa. Tus compañeros te acompañarán a pie.	New			
Bronze tutorials	TUTORIAL_BRONZE_MARINE_34	Hold still and let your teammates repair you.		Quédate quieto y deja que tus compañeros te reparen.	New			
Bronze tutorials	TUTORIAL_BRONZE_MARINE_35	Good as new!  Now go assault the nearby hive with your teammates.		¡Como nuevo! Ahora ve a asaltar la Hive cercana con tus compañeros.	New			
Bronze tutorials	TUTORIAL_BRONZE_MARINE_36	There's the hive!  Destroy it!		¡Ahí está la Hive! ¡Destrúyela!	New			
Bronze tutorials	TUTORIAL_BRONZE_MARINE_37	You've just killed the last hive, and without hives, aliens cannot respawn.  Therefore...		Acabas de destruir la última Hive, y sin Hives los Aliens no pueden renacer. Por lo tanto...	New			
Bronze tutorials	TUTORIAL_BRONZE_MARINE_EGG_1	Sorry, you're not getting away that easily.		Lo siento, no te vas a escapar tan fácil.	New			
Bronze tutorials	TUTORIAL_BRONZE_MARINE_EGG_2	Stop it.		Basta.	New			
Bronze tutorials	TUTORIAL_BRONZE_MARINE_EGG_3	Cut it out.		Ya basta.	New			
Bronze tutorials	TUTORIAL_BRONZE_MARINE_EGG_4	Are you really that desperate to get out of doing the tutorial?		¿De verdad estás tan desesperado por no hacer el tutorial?	New			
Bronze tutorials	TUTORIAL_BRONZE_MARINE_EGG_5	With all the time you've wasted, you could have just done the darned thing by now!		¡Con todo el tiempo que perdiste, ya podrías haberlo terminado!	New			
Bronze tutorials	TUTORIAL_BRONZE_MARINE_EGG_6	If you keep trying to kill yourself, we won't let you play NS3.		Si sigues intentando matarte, no te dejaremos jugar NS3.	New			
Bronze tutorials	TUTORIAL_BRONZE_MARINE_EGG_7	I'm warning you.		Te lo advierto.	New			
Bronze tutorials	TUTORIAL_BRONZE_MARINE_EGG_8	Alright that's it.  We've made note of your steam id, and we're not letting you play NS3... EVER.		Bueno, se acabó. Anotamos tu ID de Steam y no te dejaremos jugar NS3... NUNCA.	New			
Bronze tutorials	TUTORIAL_BRONZE_MARINE_EGG_9	It's a shame too.  Hypothetically speaking, if there WERE an NS3, and we WERE already heavily into development on it... it WOULD be looking pretty amazing.		Y es una lástima. Hablando hipotéticamente, si HUBIERA un NS3 y ya ESTUVIÉRAMOS muy avanzados en su desarrollo... se VERÍA bastante increíble.	New			
Bronze tutorials	TUTORIAL_BRONZE_MARINE_EGG_10	All the new alien lifeforms are incredible, and all the new marine weapons are amazing.		Todas las nuevas formas de vida Alien son increíbles, y todas las nuevas armas de los Marines son asombrosas.	New			
Bronze tutorials	TUTORIAL_BRONZE_MARINE_EGG_11	We've even added in a third playable team... hypothetically speaking of course.		Hasta agregamos un tercer equipo jugable... hablando hipotéticamente, claro.	New			
Bronze tutorials	TUTORIAL_BRONZE_MARINE_EGG_12	Too bad you won't ever be able to see it.		Lástima que nunca vayas a verlo.	New			
Bronze tutorials	TUTORIAL_BRONZE_MARINE_EGG_13	Yup too bad...		Sí, una lástima...	New			
Bronze tutorials	TUTORIAL_BRONZE_MARINE_EGG_14	Why are you still doing this?		¿Por qué sigues haciendo esto?	New			
Bronze tutorials	TUTORIAL_BRONZE_MARINE_EGG_15	Why?		¿Por qué?	New			
Bronze tutorials	TUTORIAL_BRONZE_MARINE_EGG_16	Seriously, the novelty of this is wearing off real fast.		En serio, la gracia de esto se está acabando muy rápido.	New			
Bronze tutorials	TUTORIAL_BRONZE_MARINE_EGG_17	Are you really that bored?		¿De verdad estás tan aburrido?	New			
Bronze tutorials	TUTORIAL_BRONZE_MARINE_EGG_18	What is it you want, exactly?		¿Qué es lo que quieres, exactamente?	New			
Bronze tutorials	TUTORIAL_BRONZE_MARINE_EGG_19	If I give you an achievement will you go away?		Si te doy un logro, ¿te vas?	New			
Bronze tutorials	TUTORIAL_BRONZE_MARINE_EGG_20	There.  There's your damned achievement.  Leave me alone!		Listo. Ahí tienes tu maldito logro. ¡Déjame en paz!	New			
Bronze tutorials	TUTORIAL_BRONZE_MARINE_EGG_21	Seriously, that's all there is here... you can stop now.		En serio, esto es todo lo que hay... ya puedes parar.	New			
Bronze tutorials	TUTORIAL_BRONZE_MARINE_EGG_22	Alright I um... I won't keep you... uh... bye... I guess...		Bueno, eh... no te entretengo más... eh... adiós... supongo...	New			
Silver tutorials	TUTORIAL_SILVER_ASSIST_MENU_TAB	Assistance tab		Pestaña de asistencia	New			
Silver tutorials	TUTORIAL_SILVER_BUILD_ADVANCED_MENU_TAB	Advanced menu tab		Pestaña del menú avanzado	New			
Silver tutorials	TUTORIAL_SILVER_BUILD_ARMORY	Build armory		Construir Armory	New			
Silver tutorials	TUTORIAL_SILVER_BUILD_ARC	Build ARC		Construir ARC	New			
Silver tutorials	TUTORIAL_SILVER_BUILD_ARMS_LAB	Build arms lab		Construir Arms Lab	New			
Silver tutorials	TUTORIAL_SILVER_BUILD_EXTRACTOR	Build extractor		Construir Extractor	New			
Silver tutorials	TUTORIAL_SILVER_BUILD_MENU_TAB	Build menu tab		Pestaña del menú de construcción	New			length: 32 chars vs 14 in English
Silver tutorials	TUTORIAL_SILVER_BUILD_OBSERVATORY	Build observatory		Construir Observatory	New			
Silver tutorials	TUTORIAL_SILVER_BUILD_PHASE_GATE	Build phase gate		Construir portal de fase	New			
Silver tutorials	TUTORIAL_SILVER_BUILD_ROBOTICS_FACTORY	Build robotics factory		Construir Robotics Factory	New			
Silver tutorials	TUTORIAL_SILVER_COMMANDER_ALERT_JUMP	Jump to alert		Ir a la alerta	New			
Silver tutorials	TUTORIAL_SILVER_COMMANDER_ALIEN_1	Welcome back to the alien team, commander.		Bienvenido de nuevo al equipo Alien, Commander.	New			
Silver tutorials	TUTORIAL_SILVER_COMMANDER_ALIEN_2	As commander, one of your top priorities is to ensure a steady flow of resources.  There are two resource nodes reasonably close to our starting hive.  These are sometimes referred to as \"natural expansions\" or \"naturals\".		Como Commander, una de tus prioridades es asegurar un flujo constante de recursos. Hay dos nodos de recursos bastante cerca de nuestra Hive inicial. A veces se los llama \"expansiones naturales\" o \"naturales\".	New			
Silver tutorials	TUTORIAL_SILVER_COMMANDER_ALIEN_3	Before we can place a harvester on these resource nodes, we need to cover them with infestation.  We can create infestation by placing cysts.  Try placing a cyst near the resource node in Gravity Control now.		Antes de poder colocar un Harvester en esos nodos de recursos, hay que cubrirlos de infestación. La infestación se crea colocando Cysts. Prueba colocar un Cyst cerca del nodo de recursos de Gravity Control ahora.	New			
Silver tutorials	TUTORIAL_SILVER_COMMANDER_ALIEN_4	Notice that placing the cyst near the resource node also created other cysts between here and the hive, completing the connection.		Fíjate que al colocar el Cyst cerca del nodo de recursos también se crearon otros Cysts entre este punto y la Hive, completando la conexión.	New			
Silver tutorials	TUTORIAL_SILVER_COMMANDER_ALIEN_5	It will take a few moments before this \"cyst chain\" is fully built and spreading infestation.  While we wait, build another chain of cysts leading up to the other natural expansion, in Plaza.		Pasarán unos momentos antes de que esta \"cadena de Cysts\" esté construida y extendiendo infestación. Mientras esperamos, construye otra cadena de Cysts hasta la otra expansión natural, en Plaza.	New			
Silver tutorials	TUTORIAL_SILVER_COMMANDER_ALIEN_6	While we wait for the infestation to spread, we should choose an upgrade path for our hive.  There are 3 upgrade paths to choose from: Crag, Shade, and Shift.  Crag favors toughness and survivability; Shade favors stealth and deception; and Shift favors speed and evasion.  Select the hive and upgrade it to a Shift hive.		Mientras esperamos a que se extienda la infestación, hay que elegir un camino de mejora para nuestra Hive. Hay 3 caminos: Crag, Shade y Shift. Crag favorece la resistencia y la supervivencia; Shade, el sigilo y el engaño; y Shift, la velocidad y la evasión. Selecciona la Hive y mejórala a Shift Hive.	New			
Silver tutorials	TUTORIAL_SILVER_COMMANDER_ALIEN_7	The cysts in Gravity Control have finished building and are now spreading their infestation.  Spawn a harvester in Gravity Control.		Los Cysts de Gravity Control terminaron de construirse y ya extienden su infestación. Crea un Harvester en Gravity Control.	New			
Silver tutorials	TUTORIAL_SILVER_COMMANDER_ALIEN_8	The harvester will build very slowly, but can be sped up by a drifter.  Spawn a drifter in Gravity Control.		El Harvester se construye muy lento, pero un Drifter puede acelerarlo. Crea un Drifter en Gravity Control.	New			
Silver tutorials	TUTORIAL_SILVER_COMMANDER_ALIEN_9	The gorge in the east has placed a gorge tunnel, connecting it to the main base.		El Gorge del este colocó un túnel de Gorge que lo conecta con la base principal.	New			
Silver tutorials	TUTORIAL_SILVER_COMMANDER_ALIEN_10	Like cysts, gorge tunnels create infestation when fully built.  Since the tunnel was placed near a resource node, we can place a harvester there.		Igual que los Cysts, los túneles de Gorge crean infestación cuando están terminados. Como el túnel se colocó cerca de un nodo de recursos, podemos poner un Harvester ahí.	New			
Silver tutorials	TUTORIAL_SILVER_COMMANDER_ALIEN_11	Notice how much faster this harvester is being built.  Gorges build much faster than drifters.		Fíjate cuánto más rápido se construye este Harvester. Los Gorges construyen mucho más rápido que los Drifters.	New			
Silver tutorials	TUTORIAL_SILVER_COMMANDER_ALIEN_12	This gorge tunnel is in a critical location on the map, and therefore we should do everything we can to help our team hold this territory.  Build a Crag on the infestation near the gorge tunnel.		Este túnel de Gorge está en un lugar crítico del mapa, así que debemos hacer todo lo posible para ayudar a nuestro equipo a mantener este territorio. Construye un Crag sobre la infestación cerca del túnel de Gorge.	New			
Silver tutorials	TUTORIAL_SILVER_COMMANDER_ALIEN_13	Crags are a type of support structure that heal nearby aliens and structures.  Also, don't let the name throw you: despite upgrading our hive to a Shift hive, we are still able to build the other two types of support structures.		Los Crags son estructuras de apoyo que curan a los Aliens y estructuras cercanos. Y que el nombre no te confunda: aunque mejoramos nuestra Hive a Shift Hive, igual podemos construir los otros dos tipos de estructuras de apoyo.	New			
Silver tutorials	TUTORIAL_SILVER_COMMANDER_ALIEN_14	This room is secure for the time being.  The harvester in Gravity Control has also finished building.  We should move our drifter back to home base now, as drifters are valuable targets for marines.		Este cuarto está seguro por ahora. El Harvester de Gravity Control también terminó de construirse. Deberíamos llevar nuestro Drifter de vuelta a la base, porque los Drifters son objetivos valiosos para los Marines.	New			
Silver tutorials	TUTORIAL_SILVER_COMMANDER_ALIEN_15	Order the drifter to move into the glowing circle in Launch Control.		Ordena al Drifter moverse al círculo brillante en Launch Control.	New			
Silver tutorials	TUTORIAL_SILVER_COMMANDER_ALIEN_16	Our hive has finished upgrading, and is now a Shift hive.  Now we can make our teammates more effective by placing upgrade structures, called \"Spurs\".		Nuestra Hive terminó de mejorarse y ahora es una Shift Hive. Ahora podemos hacer más efectivos a nuestros compañeros colocando estructuras de mejora llamadas \"Spurs\".	New			
Silver tutorials	TUTORIAL_SILVER_COMMANDER_ALIEN_17	Upgrades are valuable structures, and therefore should be placed somewhere safe.  Place a Spur in Launch Control now.		Las estructuras de mejora son valiosas, así que deben colocarse en un lugar seguro. Coloca un Spur en Launch Control ahora.	New			
Silver tutorials	TUTORIAL_SILVER_COMMANDER_ALIEN_18	Three of each type of upgrade are required for maximum effect.  For example, with only this one spur, our forces will only be receiving about one third of the potential speed-boost.		Se necesitan tres de cada tipo de mejora para el efecto máximo. Por ejemplo, con un solo Spur nuestras fuerzas reciben apenas un tercio del aumento de velocidad posible.	New			
Silver tutorials	TUTORIAL_SILVER_COMMANDER_ALIEN_19	Hydroanalysis is being attacked!		¡Están atacando Hydroanalysis!	New			
Silver tutorials	TUTORIAL_SILVER_COMMANDER_ALIEN_20	It's a good thing we built a Crag here.  It enables our forces to heal on the front lines, rather than having to return to the hive.  We should claim the resource node in Plaza now, but let's make things a little more interesting.		Menos mal que construimos un Crag aquí. Permite a nuestras fuerzas curarse en el frente en lugar de volver a la Hive. Ahora deberíamos tomar el nodo de recursos de Plaza, pero hagamos las cosas un poco más interesantes.	New			
Silver tutorials	TUTORIAL_SILVER_COMMANDER_ALIEN_21	Since we chose the Shift upgrade path, we have the ability to \"Echo\" structures.  This is performed by the \"Shift\" support structure.  Build a Shift in main base, near the resource node.		Como elegimos el camino de mejora Shift, podemos usar el \"eco\" sobre las estructuras. Lo hace la estructura de apoyo \"Shift\". Construye un Shift en la base principal, cerca del nodo de recursos.	New			
Silver tutorials	TUTORIAL_SILVER_COMMANDER_ALIEN_22	The \"Echo\" ability allows alien structures to be moved from one infested location to another, at a cost.  We can use this to move the tough, fully-built harvester from our main base, to Plaza.		La habilidad \"eco\" permite mover estructuras Alien de un lugar infestado a otro, con un costo. Podemos usarla para mover el Harvester resistente y ya construido de nuestra base principal a Plaza.	New			
Silver tutorials	TUTORIAL_SILVER_COMMANDER_ALIEN_23	Select the Shift, and echo the Harvester to Plaza.		Selecciona el Shift y usa el eco para mover el Harvester a Plaza.	New			
Silver tutorials	TUTORIAL_SILVER_COMMANDER_ALIEN_24	Good.  Now we can place a new harvester in main base, where it can grow and fully mature with much less risk than if we had placed it further away.		Bien. Ahora podemos colocar un nuevo Harvester en la base principal, donde puede crecer y madurar con mucho menos riesgo que si lo hubiéramos colocado más lejos.	New			
Silver tutorials	TUTORIAL_SILVER_COMMANDER_ALIEN_25	Gravity Control is under attack!		¡Están atacando Gravity Control!	New			
Silver tutorials	TUTORIAL_SILVER_COMMANDER_ALIEN_26	There are some marines attacking our harvester!  We can't see them because we don't have anything in the room that can see them.  Harvesters, like all alien structures, are blind.		¡Hay Marines atacando nuestro Harvester! No podemos verlos porque no tenemos nada en el cuarto que pueda verlos. Los Harvesters, como todas las estructuras Alien, son ciegos.	New			
Silver tutorials	TUTORIAL_SILVER_COMMANDER_ALIEN_27	The marines in Gravity Control killed the cysts that were providing infestation to the harvester.  If we don't rebuild them fast enough, the harvester will starve to death.  Place a new cyst near the harvester now.		Los Marines en Gravity Control destruyeron los Cysts que daban infestación al Harvester. Si no los reconstruimos a tiempo, el Harvester morirá de hambre. Coloca un nuevo Cyst cerca del Harvester ahora.	New			
Silver tutorials	TUTORIAL_SILVER_COMMANDER_ALIEN_28	It will take a moment before the infestation is providing nutrients to this structure again.  In the meantime, to prevent it from starving, we can place a \"Nutrient Mist\" at this location.  Try it now.		Pasará un momento antes de que la infestación vuelva a nutrir esta estructura. Mientras tanto, para que no muera de hambre, podemos colocar una \"neblina de nutrientes\" en este lugar. Pruébalo ahora.	New			
Silver tutorials	TUTORIAL_SILVER_COMMANDER_ALIEN_29	Good.  Though it's important to realize that this harvester is still damaged, and will be an easy target if the marines return.  Drop a Whip to protect it.		Bien. Pero ten en cuenta que este Harvester sigue dañado y será un blanco fácil si los Marines vuelven. Coloca un Whip para protegerlo.	New			
Silver tutorials	TUTORIAL_SILVER_COMMANDER_ALIEN_30	Whips are short-range defensive structures.  They typically won't be killing large numbers of marines, but will at least serve to soften them up or force them into a vulnerable position, allowing your teammates to finish them off easier.		Los Whips son estructuras defensivas de corto alcance. No suelen matar a muchos Marines, pero al menos los debilitan o los obligan a ponerse en una posición vulnerable, para que tus compañeros los rematen con más facilidad.	New			
Silver tutorials	TUTORIAL_SILVER_COMMANDER_ALIEN_31	We should position this whip out of sight so it can't be so easily shot by marines.  Select the whip, and order it to move out of sight of the entrance.		Deberíamos poner este Whip fuera de la vista para que los Marines no puedan dispararle tan fácil. Selecciona el Whip y ordénale moverse fuera de la vista de la entrada.	New			
Silver tutorials	TUTORIAL_SILVER_COMMANDER_ALIEN_32	We have plenty of resources flowing in now, we should build our second spur.		Ahora entran muchos recursos: deberíamos construir nuestro segundo Spur.	New			
Silver tutorials	TUTORIAL_SILVER_COMMANDER_ALIEN_33	It's time for us to build our second hive in Hydroanalysis.		Es hora de construir nuestra segunda Hive en Hydroanalysis.	New			
Silver tutorials	TUTORIAL_SILVER_COMMANDER_ALIEN_34	Good.  We should bring our drifter over to help build the hive.  Hives take a very long time to build compared to other structures.  Every little bit helps.		Bien. Deberíamos traer nuestro Drifter para ayudar a construir la Hive. Las Hives tardan muchísimo en construirse comparadas con otras estructuras. Cada ayuda cuenta.	New			
Silver tutorials	TUTORIAL_SILVER_COMMANDER_ALIEN_35	Order the drifter to grow the hive.		Ordena al Drifter hacer crecer la Hive.	New			
Silver tutorials	TUTORIAL_SILVER_COMMANDER_ALIEN_36	As usual, Gorges build much faster than drifters, however they also require a lot of energy to keep up the pace.  Echo the Shift to Hydroanalysis to keep this gorge from running out of energy while they build the hive.		Como siempre, los Gorges construyen mucho más rápido que los Drifters, pero también necesitan mucha energía para mantener el ritmo. Usa el eco para llevar el Shift a Hydroanalysis y evitar que este Gorge se quede sin energía mientras construye la Hive.	New			
Silver tutorials	TUTORIAL_SILVER_COMMANDER_ALIEN_37	Good.  While we wait for the new hive to build, we should upgrade the Biomass of the first hive.  Select the Shift Hive in Launch Control, and upgrade Biomass.		Bien. Mientras esperamos a que la nueva Hive se construya, deberíamos mejorar la biomasa de la primera Hive. Selecciona la Shift Hive en Launch Control y mejora la biomasa.	New			
Silver tutorials	TUTORIAL_SILVER_COMMANDER_ALIEN_38	Each hive is itself worth 1 point of biomass, and can be upgraded three times for a total of 4 biomass per hive.  Each additional level of biomass makes aliens tougher, and enables the commander to research advanced abilities for each lifeform type.		Cada Hive vale por sí sola 1 punto de biomasa y se puede mejorar tres veces, para un total de 4 de biomasa por Hive. Cada nivel adicional de biomasa hace más resistentes a los Aliens y permite al Commander investigar habilidades avanzadas para cada forma de vida.	New			style: 'vale' -> está bien
Silver tutorials	TUTORIAL_SILVER_COMMANDER_ALIEN_39	While we wait, we should create a third spur to finish out the Shift Hive upgrades.  Drop the last spur in Launch Control.		Mientras esperamos, deberíamos crear un tercer Spur para completar las mejoras de la Shift Hive. Coloca el último Spur en Launch Control.	New			
Silver tutorials	TUTORIAL_SILVER_COMMANDER_ALIEN_40	Build a second drifter, since our first one is busy.		Construye un segundo Drifter, ya que el primero está ocupado.	New			
Silver tutorials	TUTORIAL_SILVER_COMMANDER_ALIEN_41	Good.  As soon as that is done building, our aliens will be able to enjoy the maximum benefit of the upgrades.		Bien. En cuanto termine de construirse, nuestros Aliens podrán disfrutar del beneficio máximo de las mejoras.	New			
Silver tutorials	TUTORIAL_SILVER_COMMANDER_ALIEN_42	We now have level 2 biomass.  Our aliens are now slightly tougher than they were moments ago.		Ahora tenemos biomasa de nivel 2. Nuestros Aliens son un poco más resistentes que hace un momento.	New			
Silver tutorials	TUTORIAL_SILVER_COMMANDER_ALIEN_43	There is an alien evolving to a higher lifeform nearby.  Place a Nutrient Mist near that egg to speed up the evolution process.		Cerca hay un Alien evolucionando a una forma de vida superior. Coloca una neblina de nutrientes cerca de ese huevo para acelerar la evolución.	New			
Silver tutorials	TUTORIAL_SILVER_COMMANDER_ALIEN_44	Awesome.  That player will be out of their egg and kicking ass in no time!		Genial. ¡Ese jugador saldrá de su huevo a patear traseros en un momento!	New			
Silver tutorials	TUTORIAL_SILVER_COMMANDER_ALIEN_45	The new hive has just finished building.  The completed hive means we get one additional level of biomass, bringing the total to 3.  Level 3 biomass unlocks many new abilities, but they still must be researched before players can use them.  Select a hive, and begin researching the \"Metabolize\" ability for our Fade.		La nueva Hive acaba de terminarse. La Hive completa nos da un nivel adicional de biomasa, para un total de 3. La biomasa de nivel 3 desbloquea muchas habilidades nuevas, pero aún hay que investigarlas para que los jugadores puedan usarlas. Selecciona una Hive y empieza a investigar la habilidad \"Metabolización\" para nuestro Fade.	New			
Silver tutorials	TUTORIAL_SILVER_COMMANDER_ALIEN_46	Good.  Since we have two hives, we can research two abilities at once.  Select the other hive, and begin researching \"Bile Bomb\", a Gorge ability.		Bien. Como tenemos dos Hives, podemos investigar dos habilidades a la vez. Selecciona la otra Hive y empieza a investigar \"Bomba de Bilis\", una habilidad del Gorge.	New			
Silver tutorials	TUTORIAL_SILVER_COMMANDER_ALIEN_47	While we wait for those abilities to finish researching, we can work on our second set of upgrades.  Select the new hive, and upgrade it to a Shade hive.		Mientras esperamos a que terminen de investigarse esas habilidades, podemos trabajar en nuestro segundo grupo de mejoras. Selecciona la nueva Hive y mejórala a Shade Hive.	New			
Silver tutorials	TUTORIAL_SILVER_COMMANDER_ALIEN_48	Now we should try to conceal our presence in this room a little better.  Build a Shade.		Ahora deberíamos ocultar un poco mejor nuestra presencia en este cuarto. Construye una Shade.	New			
Silver tutorials	TUTORIAL_SILVER_COMMANDER_ALIEN_49	The shade will conceal all aliens and structures in a large radius, making the room appear empty to any marines nearby.		La Shade oculta a todos los Aliens y estructuras en un radio amplio, así que el cuarto parece vacío para los Marines cercanos.	New			
Silver tutorials	TUTORIAL_SILVER_COMMANDER_ALIEN_50	The marines are using ARCs against our new hive!  Select the Shade, and use the Ink ability.		¡Los Marines están usando ARCs contra nuestra nueva Hive! Selecciona la Shade y usa la habilidad tinta.	New			
Silver tutorials	TUTORIAL_SILVER_COMMANDER_ALIEN_51	The ink ability not only clouds marines' vision, but also disrupts the targeting systems of ARCs, buying us valuable time -- but we can't keep it up forever!  The ARCs need to be destroyed, quickly!		La tinta no solo nubla la visión de los Marines: también altera los sistemas de puntería de los ARCs y nos da un tiempo valioso, ¡pero no podemos mantenerla para siempre! ¡Hay que destruir los ARCs, rápido!	New			
Silver tutorials	TUTORIAL_SILVER_COMMANDER_ALIEN_52	We've run out of eggs!  Hives spawn eggs on their own, but very slowly.  We need to spawn eggs faster to defend this hive!  Select the hive in Hydroanalysis, and hatch some eggs.		¡Nos quedamos sin huevos! Las Hives crean huevos por sí solas, pero muy lento. ¡Necesitamos crear huevos más rápido para defender esta Hive! Selecciona la Hive de Hydroanalysis e incuba algunos huevos.	New			
Silver tutorials	TUTORIAL_SILVER_COMMANDER_ALIEN_53	Our gorge can use their new Bile Bomb ability to easily dissolve those ARCs, but we need to clear those marines first.  Select your drifter.		Nuestro Gorge puede usar su nueva Bomba de Bilis para disolver fácilmente esos ARCs, pero primero hay que eliminar a esos Marines. Selecciona tu Drifter.	New			
Silver tutorials	TUTORIAL_SILVER_COMMANDER_ALIEN_54	Each upgraded hive enables a unique ability for the drifter.  Since we have a Shade Hive, our drifters can create hallucinations.  Create a hallucination cloud on the group of aliens.		Cada Hive mejorada activa una habilidad única para el Drifter. Como tenemos una Shade Hive, nuestros Drifters pueden crear alucinaciones. Crea una nube de alucinación sobre el grupo de Aliens.	New			
Silver tutorials	TUTORIAL_SILVER_COMMANDER_ALIEN_55	Good.  Now those marines won't know which aliens to shoot at!		Bien. ¡Ahora esos Marines no sabrán a qué Aliens dispararles!	New			
Silver tutorials	TUTORIAL_SILVER_COMMANDER_ALIEN_56	Our gorge will make short work of these vile machines.		Nuestro Gorge acabará rápido con estas viles máquinas.	New			
Silver tutorials	TUTORIAL_SILVER_COMMANDER_ALIEN_57	A marine is killing upgrades in main base!  Exit the hive and deal with them!		¡Un Marine está destruyendo mejoras en la base principal! ¡Sal de la Hive y encárgate de él!	New			
Silver tutorials	TUTORIAL_SILVER_COMMANDER_ALIEN_58	That's strange.  That marine entered from the north side of the room.  How did they get there?  Return to the hive so we can send our drifter to investigate.		Qué raro. Ese Marine entró por el lado norte del cuarto. ¿Cómo llegó ahí? Vuelve a la Hive para que mandemos a nuestro Drifter a investigar.	New			
Silver tutorials	TUTORIAL_SILVER_COMMANDER_ALIEN_59	Use the drifter from Launch Control to scout north.		Usa el Drifter de Launch Control para explorar hacia el norte.	New			
Silver tutorials	TUTORIAL_SILVER_COMMANDER_ALIEN_60	The marines have a phase gate in Plaza!  This is bad.		¡Los Marines tienen un portal de fase en Plaza! Esto es malo.	New			
Silver tutorials	TUTORIAL_SILVER_COMMANDER_ALIEN_61	And things just got a whole lot worse!  It looks like marines are throwing everything they've got at us up north.  It's only a matter of time now before they attack our main base, and it is unlikely that we will be able to defend against such a strong attack.		¡Y las cosas acaban de ponerse mucho peor! Parece que los Marines nos están tirando con todo lo que tienen en el norte. Es solo cuestión de tiempo para que ataquen nuestra base principal, y es poco probable que podamos defendernos de un ataque tan fuerte.	New			
Silver tutorials	TUTORIAL_SILVER_COMMANDER_ALIEN_62	Instead, we'll need to take out something of theirs.  Your teammates are forming a pack to counterattack the marine base.  Get your drifter away from the marines, and use it to help the counterattack.		En cambio, tendremos que destruir algo de ellos. Tus compañeros están formando un grupo para contraatacar la base de los Marines. Aleja a tu Drifter de los Marines y úsalo para ayudar en el contraataque.	New			
Silver tutorials	TUTORIAL_SILVER_COMMANDER_ALIEN_63	The marines don't have another base, but we do.  If we can destroy them quickly enough, we win!  Attack now!  Use the Enzyme Cloud drifter ability to make your teammates attack faster.		Los Marines no tienen otra base, pero nosotros sí. Si logramos destruirlos lo bastante rápido, ¡ganamos! ¡Ataca ahora! Usa la habilidad nube de enzima del Drifter para que tus compañeros ataquen más rápido.	New			
Silver tutorials	TUTORIAL_SILVER_COMMANDER_ALIEN_64	Even though you lost the hive, marines still lost their only command station on the map, therefore Aliens win!		Aunque perdiste la Hive, los Marines perdieron su única Command Station del mapa, ¡así que ganan los Aliens!	New			
Silver tutorials	TUTORIAL_SILVER_COMMANDER_ALIEN_65	This concludes all of the formal training available to you in Natural Selection 2.  However, there is still plenty more for you to learn in the field.		Con esto termina todo el entrenamiento formal disponible en Natural Selection 2. Sin embargo, todavía te queda mucho por aprender en el campo.	New			
Silver tutorials	TUTORIAL_SILVER_COMMANDER_ALIEN_66	The most important thing you can do as a commander is communicate!  If you're unsure of how something works, or don't know what to do: ask your teammates.  The fastest way to get ejected from the command chair is to be silent and do nothing.		¡Lo más importante que puedes hacer como Commander es comunicarte! Si no estás seguro de cómo funciona algo o no sabes qué hacer, pregúntales a tus compañeros. La forma más rápida de que te echen de la Command Station es quedarte callado y no hacer nada.	New			
Silver tutorials	TUTORIAL_SILVER_COMMANDER_ALIEN_67	The second most important thing you can do is use a microphone.  Good luck commander.  Dismissed.		Lo segundo más importante es usar un micrófono. Buena suerte, Commander. Puede retirarse.	New			
Silver tutorials	TUTORIAL_SILVER_COMMANDER_ALIEN_68	While we wait for the harvester to build, we should choose an upgrade path for our hive.  There are 3 upgrade paths to choose from: Crag, Shade, and Shift.  Crag favors toughness and survivability; Shade favors stealth and deception; and Shift favors speed and evasion.  Select the hive and upgrade it to a Shift hive.		Mientras esperamos a que se construya el Harvester, hay que elegir un camino de mejora para nuestra Hive. Hay 3 caminos: Crag, Shade y Shift. Crag favorece la resistencia y la supervivencia; Shade, el sigilo y el engaño; y Shift, la velocidad y la evasión. Selecciona la Hive y mejórala a Shift Hive.	New			
Silver tutorials	TUTORIAL_SILVER_COMMANDER_ALIEN_69	Good.  We should now work on claiming some more territory.  Extend the cyst chain to Hydroanalysis.		Bien. Ahora deberíamos tomar más territorio. Extiende la cadena de Cysts hasta Hydroanalysis.	New			
Silver tutorials	TUTORIAL_SILVER_COMMANDER_ALIEN_70	Alien structures build very slowly without assistance.  Spawn a drifter to build this spur faster.		Las estructuras Alien se construyen muy lento sin ayuda. Crea un Drifter para construir este Spur más rápido.	New			
Silver tutorials	TUTORIAL_SILVER_COMMANDER_ALIEN_71	Good.  That spur will be built in no time.		Bien. Ese Spur estará listo en un momento.	New			
Silver tutorials	TUTORIAL_SILVER_COMMANDER_ALIEN_72	We need to secure our territory to the east.  Create a tunnel entrance in Hydroanalysis.		Necesitamos asegurar nuestro territorio al este. Crea una entrada de túnel en Hydroanalysis.	New			
Silver tutorials	TUTORIAL_SILVER_COMMANDER_ALIEN_73	Tunnels act like a shortcut, connecting two distant points on the map, allowing an area to be reinforced much quicker.		Los túneles funcionan como un atajo que conecta dos puntos distantes del mapa y permite reforzar una zona mucho más rápido.	New			
Silver tutorials	TUTORIAL_SILVER_COMMANDER_ALIEN_74	Select the tunnel, and build the other end in base.		Selecciona el túnel y construye el otro extremo en la base.	New			
Silver tutorials	TUTORIAL_SILVER_COMMANDER_ALIEN_75	Part of the cyst chain is being damaged!		¡Están dañando parte de la cadena de Cysts!	New			
Silver tutorials	TUTORIAL_SILVER_COMMANDER_ALIEN_76	There is a marine killing our cyst chain!  We can’t see them because we don’t have line of sight on them, but they ARE there.		¡Hay un Marine destruyendo nuestra cadena de Cysts! No podemos verlo porque no tenemos línea de visión, pero ESTÁ ahí.	New			
Silver tutorials	TUTORIAL_SILVER_COMMANDER_ALIEN_77	Our cyst in Hydroanalysis has been completely disconnected from the hive.  Notice that it is slowly taking damage.  It will eventually die if it is not reconnected.		Nuestro Cyst de Hydroanalysis quedó completamente desconectado de la Hive. Fíjate que recibe daño poco a poco. Acabará muriendo si no se reconecta.	New			
Silver tutorials	TUTORIAL_SILVER_COMMANDER_ALIEN_78	Try reconnecting the cyst chain now.		Prueba reconectar la cadena de Cysts ahora.	New			
Silver tutorials	TUTORIAL_SILVER_COMMANDER_ALIEN_79	Notice that the cyst in Hydroanalysis is now glowing since it is once again connected to a hive.		Fíjate que el Cyst de Hydroanalysis ahora brilla, porque está otra vez conectado a una Hive.	New			
Silver tutorials	TUTORIAL_SILVER_COMMANDER_ALIEN_80	Darn.  That marine is determined to keep this territory cut off.		Rayos. Ese Marine está decidido a mantener este territorio aislado.	New			
Silver tutorials	TUTORIAL_SILVER_COMMANDER_ALIEN_81	We need another source of infestation for this area.  Select the tunnel, and upgrade it to an \"Infested Tunnel\".		Necesitamos otra fuente de infestación para esta zona. Selecciona el túnel y mejóralo a \"Túnel infestado\".	New			
Silver tutorials	TUTORIAL_SILVER_COMMANDER_ALIEN_82	This upgrade will create infestation at both ends of the tunnel.		Esta mejora crea infestación en ambos extremos del túnel.	New			
Silver tutorials	TUTORIAL_SILVER_COMMANDER_ALIEN_83	Now we can use this resource node without the need for a cyst chain.  Build a harvester next to the tunnel.		Ahora podemos usar este nodo de recursos sin necesidad de una cadena de Cysts. Construye un Harvester junto al túnel.	New			
Silver tutorials	TUTORIAL_SILVER_COMMANDER_ALIEN_84	This tunnel is in a critical location on the map, and therefore we should do everything we can to help our team hold this territory.  Build a Crag on the infestation near the tunnel.		Este túnel está en un lugar crítico del mapa, así que debemos hacer todo lo posible para ayudar a nuestro equipo a mantener este territorio. Construye un Crag sobre la infestación cerca del túnel.	New			
Silver tutorials	TUTORIAL_SILVER_COMMANDER_ALIEN_85	Place the nutrient mist near the embryo.		Coloca la neblina de nutrientes cerca del embrión.	New			
Silver tutorials	TUTORIAL_SILVER_COMMANDER_ALIEN_EASTER_EGG_1	Look at the resource node in the room named \"Gravity Control\".		Mira el nodo de recursos del cuarto llamado \"Gravity Control\".	New			
Silver tutorials	TUTORIAL_SILVER_COMMANDER_ALIEN_EASTER_EGG_2	Don't worry about what the gorge is doing.  You have your own tasks to deal with.		No te preocupes por lo que hace el Gorge. Tú tienes tus propias tareas.	New			
Silver tutorials	TUTORIAL_SILVER_COMMANDER_ALIEN_EASTER_EGG_3	Quit looking at the damn gorge!  I'm trying to teach you stuff.		¡Deja de mirar al maldito Gorge! Estoy tratando de enseñarte cosas.	New			
Silver tutorials	TUTORIAL_SILVER_COMMANDER_ALIEN_EASTER_EGG_4	Clearly the gorge is very busy right now and doesn't need you staring at them.		Está claro que el Gorge está muy ocupado y no necesita que lo mires fijo.	New			
Silver tutorials	TUTORIAL_SILVER_COMMANDER_ALIEN_EASTER_EGG_5	Can't you see you're bothering the gorge?		¿No ves que estás molestando al Gorge?	New			
Silver tutorials	TUTORIAL_SILVER_COMMANDER_ALIEN_EASTER_EGG_6	The gorge is asking you politely to leave!		¡El Gorge te pide amablemente que te vayas!	New			
Silver tutorials	TUTORIAL_SILVER_COMMANDER_ALIEN_EASTER_EGG_7	The gorge wants you to do your job, which is THAT way!		El Gorge quiere que hagas tu trabajo, ¡que es para ALLÁ!	New			
Silver tutorials	TUTORIAL_SILVER_COMMANDER_ALIEN_EASTER_EGG_8	Okay, you know what?  I'm using my tutorial voiceover authority to grant the gorge special cloaking powers.  Try following them NOW!		Bueno, ¿sabes qué? Voy a usar mi autoridad de narrador del tutorial para darle al Gorge poderes especiales de ocultamiento. ¡Intenta seguirlo AHORA!	New			
Silver tutorials	TUTORIAL_SILVER_COMMANDER_ALIEN_EASTER_EGG_9	Grr, fine.  Your gorge-watching senses are quite sharp, I'll give you that.  Now can we please get on with the tutorial?		Grr, está bien. Tus sentidos para vigilar Gorges son bastante agudos, eso te lo reconozco. ¿Ahora podemos seguir con el tutorial, por favor?	New			
Silver tutorials	TUTORIAL_SILVER_COMMANDER_ALIEN_EASTER_EGG_10	I don't think the gorge likes you very much.  Not like they can hurt us in here, though.		Creo que no le caes muy bien al Gorge. Aunque aquí dentro no puede hacernos daño.	New			
Silver tutorials	TUTORIAL_SILVER_COMMANDER_ALIEN_EASTER_EGG_11	Where are they going now?		¿A dónde va ahora?	New			
Silver tutorials	TUTORIAL_SILVER_COMMANDER_ALIEN_EASTER_EGG_12	What is it doing?		¿Qué está haciendo?	New			
Silver tutorials	TUTORIAL_SILVER_COMMANDER_ALIEN_EASTER_EGG_13	Oh no, NO!  STOP THEM!		Oh no, ¡NO! ¡DETENLO!	New			
Silver tutorials	TUTORIAL_SILVER_COMMANDER_ALIEN_EASTER_EGG_14	Do you realize what you've done!?  WHY couldn't you have just done the tutorial, like a NORMAL person!?  You've doomed us all!		¡¿Te das cuenta de lo que hiciste?! ¡¿POR QUÉ no pudiste simplemente hacer el tutorial, como una persona NORMAL?! ¡Nos condenaste a todos!	New			
Silver tutorials	TUTORIAL_SILVER_COMMANDER_ALIEN_EASTER_EGG_FAIL_1	Good.  Now get back to work.		Bien. Ahora vuelve al trabajo.	New			
Silver tutorials	TUTORIAL_SILVER_COMMANDER_ALIEN_EASTER_EGG_FAIL_2	Finally.  Now where were we?		Por fin. ¿En qué estábamos?	New			
Silver tutorials	TUTORIAL_SILVER_COMMANDER_ALIEN_EASTER_EGG_FAIL_3	Aww was that so hard?  Couldn't track the little gorgie?  Too bad, get back to work.		Ay, ¿tan difícil era? ¿No pudiste seguir al Gorgecito? Qué lástima, vuelve al trabajo.	New			
Silver tutorials	TUTORIAL_SILVER_COMMANDER_ALIEN_EASTER_EGG_FAIL_4	THANK YOU!  Better not antagonize them further.  I think that gorge was just about to snap!		¡GRACIAS! Mejor no provocarlo más. ¡Creo que ese Gorge estaba a punto de estallar!	New			
Silver tutorials	TUTORIAL_SILVER_COMMANDER_ALIEN_NOT_EGG_1	Place the nutrient mist near the harvester.		Coloca la neblina de nutrientes cerca del Harvester.	New			
Silver tutorials	TUTORIAL_SILVER_COMMANDER_ALIEN_NOT_EGG_2	Place it inside the nice circle I went to all the trouble of making for you.		Colócala dentro del bonito círculo que me tomé el trabajo de hacerte.	New			
Silver tutorials	TUTORIAL_SILVER_COMMANDER_ALIEN_NOT_EGG_3	PLACE IT- Okay, I'm just going to tell you right now that this is NOT the easter egg for this tutorial; that ship has already sailed.  If that's all you're trying to do here, then you need to restart.		COLÓCALA... Bueno, te lo digo de una vez: este NO es el easter egg de este tutorial; ese tren ya pasó. Si eso es lo único que buscas aquí, tienes que reiniciar.	New			glossary: 'Egg' should be translated ('huevo')
Silver tutorials	TUTORIAL_SILVER_COMMANDER_DROP_AMMOPACK	Drop ammo pack		Soltar paquete de munición	New			length: 26 chars vs 14 in English
Silver tutorials	TUTORIAL_SILVER_COMMANDER_DROP_MEDPACK	Drop med pack		Soltar Med pack	New			
Silver tutorials	TUTORIAL_SILVER_COMMANDER_ISSUE_ORDER	Issue order		Dar orden	New			
Silver tutorials	TUTORIAL_SILVER_COMMANDER_MARINE_1	Welcome back to the marine team, soldier!  It's time to teach you how to command.  Enter the command station in front of you.		¡Bienvenido de nuevo al equipo Marine, soldado! Es hora de enseñarte a ser Commander. Entra en la Command Station que tienes delante.	New			
Silver tutorials	TUTORIAL_SILVER_COMMANDER_MARINE_2	As commander, it is your job to oversee the battlefield and issue orders to your troops.  To move your view around, simply push the mouse cursor to the edge of the screen.		Como Commander, tu trabajo es supervisar el campo de batalla y dar órdenes a tus tropas. Para mover la vista, simplemente lleva el cursor del mouse al borde de la pantalla.	New			
Silver tutorials	TUTORIAL_SILVER_COMMANDER_MARINE_3	Good.  Alternatively, you can quickly move around the battlefield by dragging on the minimap in the bottom left corner.  Try this now.		Bien. También puedes moverte rápido por el campo de batalla arrastrando sobre el minimapa de la esquina inferior izquierda. Pruébalo ahora.	New			
Silver tutorials	TUTORIAL_SILVER_COMMANDER_MARINE_4	Good.  The commander is a vital role to both teams in NS2.  So vital, in fact, that the game will not start unless both teams have chosen a commander.  Aliens have just chosen their commander, now the game can begin.		Bien. El Commander es un rol vital para ambos equipos en NS2. Tan vital que la partida no empieza hasta que ambos equipos hayan elegido uno. Los Aliens acaban de elegir a su Commander: ya puede empezar la partida.	New			
Silver tutorials	TUTORIAL_SILVER_COMMANDER_MARINE_5	In the bottom-right corner of the screen, there are three tabs.  Basic structures, advanced structures, and commander abilities.		En la esquina inferior derecha de la pantalla hay tres pestañas: estructuras básicas, estructuras avanzadas y habilidades de Commander.	New			
Silver tutorials	TUTORIAL_SILVER_COMMANDER_MARINE_6	On the right side of the minimap is the tech tree graph button.  Click it.		A la derecha del minimapa está el botón del árbol de tecnologías. Haz click en él.	New			
Silver tutorials	TUTORIAL_SILVER_COMMANDER_MARINE_7	The tech tree graph shows all of the research and upgrades that have been purchased, are being purchased, or have yet to be purchased.  As you can see, we're not starting out with very much.		El árbol de tecnologías muestra todas las investigaciones y mejoras que ya se compraron, se están comprando o aún no se compraron. Como ves, no empezamos con mucho.	New			
Silver tutorials	TUTORIAL_SILVER_COMMANDER_MARINE_8	The only way to fix that is to spend a lot of resources.  Close the graph.		La única forma de arreglarlo es gastar muchos recursos. Cierra el árbol.	New			
Silver tutorials	TUTORIAL_SILVER_COMMANDER_MARINE_9	One of your marines is asking for orders.  Click the notification icon on the right side of the screen to jump to their location.		Uno de tus Marines está pidiendo órdenes. Haz click en el ícono de notificación a la derecha de la pantalla para ir a su ubicación.	New			
Silver tutorials	TUTORIAL_SILVER_COMMANDER_MARINE_10	We want to build an Extractor in this room, but first we need to get power to here.  Select the un-socketed power node.		Queremos construir un Extractor en este cuarto, pero primero hay que traer energía. Selecciona el Nodo de energía sin colocar.	New			
Silver tutorials	TUTORIAL_SILVER_COMMANDER_MARINE_11	Notice that placing the blueprint also socketed the powernode for this room.  It's a good habit to build the power node first, because it's free.		Fíjate que al colocar el plano también se colocó el Nodo de energía de este cuarto. Es buena costumbre construir primero el Nodo de energía, porque es gratis.	New			
Silver tutorials	TUTORIAL_SILVER_COMMANDER_MARINE_12	Once construction begins for a structure, however, that money is spent, and cannot be fully refunded if aliens suddenly attack.		En cambio, una vez que empieza la construcción de una estructura, ese dinero queda gastado y no se recupera por completo si los Aliens atacan de repente.	New			
Silver tutorials	TUTORIAL_SILVER_COMMANDER_MARINE_13	Drop the extractor blueprint for the group in Logistics now.		Coloca ahora el plano del Extractor para el grupo en Logistics.	New			
Silver tutorials	TUTORIAL_SILVER_COMMANDER_MARINE_14	A marine is under attack!		¡Están atacando a un Marine!	New			
Silver tutorials	TUTORIAL_SILVER_COMMANDER_MARINE_15	An alien killed the builder and is destroying the extractor!  Luckily we have some backup on the way.		¡Un Alien mató al constructor y está destruyendo el Extractor! Por suerte hay refuerzos en camino.	New			
Silver tutorials	TUTORIAL_SILVER_COMMANDER_MARINE_16	The extractor has been saved, but one of our soldiers has been injured.  Drop a medpack for them.		El Extractor se salvó, pero uno de nuestros soldados está herido. Suéltale un Med pack.	New			
Silver tutorials	TUTORIAL_SILVER_COMMANDER_MARINE_17	This marine was badly injured, and will require one more medpack to get them back to full health.		Este Marine estaba muy herido y necesita un Med pack más para volver a tener la salud completa.	New			
Silver tutorials	TUTORIAL_SILVER_COMMANDER_MARINE_18	Good.  Although they are now fully healed, their armor is still damaged, and as a result will not be as effective in combat.  One way to repair armor is with a welder.		Bien. Aunque ya está curado del todo, su armadura sigue dañada, así que no será tan efectivo en combate. Una forma de reparar la armadura es con un soldador.	New			
Silver tutorials	TUTORIAL_SILVER_COMMANDER_MARINE_19	We need to build an armory to provide welders.  Build an armory in main base.		Necesitamos un Armory para conseguir soldadores. Construye un Armory en la base principal.	New			
Silver tutorials	TUTORIAL_SILVER_COMMANDER_MARINE_20	Good, that marine can now repair their teammate and the damaged resource tower.		Bien, ese Marine ya puede reparar a su compañero y la torre de recursos dañada.	New			
Silver tutorials	TUTORIAL_SILVER_COMMANDER_MARINE_21	We should now build an observatory in main base as an extra line of defense.		Ahora deberíamos construir un Observatory en la base principal como línea de defensa extra.	New			
Silver tutorials	TUTORIAL_SILVER_COMMANDER_MARINE_22	It seems all of our soldiers are elsewhere on the battlefield, and that observatory is not going to build itself!		Parece que todos nuestros soldados están en otras partes del campo de batalla, ¡y ese Observatory no se va a construir solo!	New			
Silver tutorials	TUTORIAL_SILVER_COMMANDER_MARINE_23	As a commander, you can exit the command station at any time.		Como Commander, puedes salir de la Command Station en cualquier momento.	New			
Silver tutorials	TUTORIAL_SILVER_COMMANDER_MARINE_24	Just be aware that by exiting the command station, you're no longer able to support your team or use any commander abilities, which can sometimes make or break the game!  Use it sparingly.		Pero ten en cuenta que al salir de la Command Station ya no puedes apoyar a tu equipo ni usar habilidades de Commander, ¡y eso a veces decide la partida! Úsalo con moderación.	New			
Silver tutorials	TUTORIAL_SILVER_COMMANDER_MARINE_25	Excellent, now we can see them coming a mile away!  Return to the command station.		¡Excelente, ahora los veremos venir desde lejos! Vuelve a la Command Station.	New			
Silver tutorials	TUTORIAL_SILVER_COMMANDER_MARINE_26	The two marines on the left side of the map are ready to secure more territory.  Follow them.		Los dos Marines del lado izquierdo del mapa están listos para asegurar más territorio. Síguelos.	New			
Silver tutorials	TUTORIAL_SILVER_COMMANDER_MARINE_27	The marines on the left side are wisely choosing to hold their position until they are patched up.  Drop medpacks for them.		Los Marines del lado izquierdo hacen bien en mantener su posición hasta estar curados. Suéltales Med packs.	New			
Silver tutorials	TUTORIAL_SILVER_COMMANDER_MARINE_28	This room appears to be secure.  Have your marines build another resource extractor here.  You can never have enough extractors!		Este cuarto parece seguro. Haz que tus Marines construyan otro Extractor aquí. ¡Nunca sobran Extractors!	New			
Silver tutorials	TUTORIAL_SILVER_COMMANDER_MARINE_29	This territory is pretty far away from home base.  We should connect the two rooms with a pair of phase gates.		Este territorio queda bastante lejos de la base. Deberíamos conectar los dos cuartos con un par de portales de fase.	New			
Silver tutorials	TUTORIAL_SILVER_COMMANDER_MARINE_30	It seems we require some prerequisite technology in order to build phase gates.  Select the observatory in main base, and research \"Phase Tech\"		Parece que necesitamos una tecnología previa para construir portales de fase. Selecciona el Observatory de la base principal e investiga \"Tecnología de fase\"	New			
Silver tutorials	TUTORIAL_SILVER_COMMANDER_MARINE_31	Repair Room is under attack!  Drop medpacks to keep them alive!		¡Están atacando Repair Room! ¡Suelta Med packs para mantenerlos con vida!	New			
Silver tutorials	TUTORIAL_SILVER_COMMANDER_MARINE_32	That was a close one.  At least we still have one soldier left in the room to build a phase gate.  Patch them up with medpacks if needed.		Estuvo cerca. Al menos nos queda un soldado en el cuarto para construir un portal de fase. Cúralo con Med packs si hace falta.	New			
Silver tutorials	TUTORIAL_SILVER_COMMANDER_MARINE_33	Phase tech has just finished researching.  Drop the phase gate blueprint in repair.		La tecnología de fase terminó de investigarse. Coloca el plano del portal de fase en Repair.	New			
Silver tutorials	TUTORIAL_SILVER_COMMANDER_MARINE_34	Phase gates work by connecting to other phase gates.  We will need to build one at home base as well so this one has something to connect to.		Los portales de fase funcionan conectándose con otros portales de fase. Tendremos que construir uno también en la base para que este tenga con qué conectarse.	New			
Silver tutorials	TUTORIAL_SILVER_COMMANDER_MARINE_35	There is no need for you to exit the command chair.  The marine that died in Repair has respawned and is building the gate.  You should avoid exiting the command station whenever possible.		No hace falta que salgas de la Command Station. El Marine que murió en Repair renació y está construyendo el portal. Evita salir de la Command Station siempre que puedas.	New			
Silver tutorials	TUTORIAL_SILVER_COMMANDER_MARINE_36	Good.  Now our troops can instantly travel between our main base and Repair Room.		Bien. Ahora nuestras tropas pueden viajar al instante entre la base principal y Repair Room.	New			
Silver tutorials	TUTORIAL_SILVER_COMMANDER_MARINE_37	The marines from observation are running low on ammo.  Drop them ammo packs to resupply them.		A los Marines de Observation les queda poca munición. Suéltales paquetes de munición para reabastecerlos.	New			
Silver tutorials	TUTORIAL_SILVER_COMMANDER_MARINE_38	That was close.  We need to work on better-equipping our soldiers.  Drop an Arms Lab blueprint in main base.		Estuvo cerca. Tenemos que equipar mejor a nuestros soldados. Coloca el plano de un Arms Lab en la base principal.	New			
Silver tutorials	TUTORIAL_SILVER_COMMANDER_MARINE_39	While that's building, we should patch up that lone marine holding the line in observation.  You should always try to keep your marines at full health, when you can afford it.		Mientras se construye, deberíamos curar a ese Marine solitario que aguanta la línea en Observation. Siempre que te alcance, trata de mantener a tus Marines con la salud completa.	New			
Silver tutorials	TUTORIAL_SILVER_COMMANDER_MARINE_40	Select the arms lab, and start upgrading to \"Armor 1\".  This will give our soldiers more protection.		Selecciona el Arms Lab y empieza la mejora \"Armadura 1\". Dará más protección a nuestros soldados.	New			
Silver tutorials	TUTORIAL_SILVER_COMMANDER_MARINE_41	Repair Room is under attack!  Try using the spacebar to jump to the alert.		¡Están atacando Repair Room! Prueba usar la barra espaciadora para ir a la alerta.	New			
Silver tutorials	TUTORIAL_SILVER_COMMANDER_MARINE_42	Since we intend to hold this room for a while, it might actually be cheaper to build an armory here for the marines, rather than spending the money on med and ammo packs.		Como pensamos mantener este cuarto por un buen rato, quizá salga más barato construir aquí un Armory para los Marines que gastar el dinero en Med packs y paquetes de munición.	New			
Silver tutorials	TUTORIAL_SILVER_COMMANDER_MARINE_43	Build an Armory in Repair Room.		Construye un Armory en Repair Room.	New			
Silver tutorials	TUTORIAL_SILVER_COMMANDER_MARINE_44	These two marines should be able to hold this room without commander supervision for a while now.		Estos dos Marines deberían poder mantener este cuarto sin supervisión del Commander por un rato.	New			
Silver tutorials	TUTORIAL_SILVER_COMMANDER_MARINE_45	Armor 1 has just finished being upgraded.  We should start upgrading weapons immediately.  Select the arms lab, and upgrade \"Weapons 1\" now.		La mejora Armadura 1 acaba de terminar. Deberíamos empezar a mejorar las armas de inmediato. Selecciona el Arms Lab y mejora \"Armas 1\" ahora.	New			
Silver tutorials	TUTORIAL_SILVER_COMMANDER_MARINE_46	Commander, the marines in Observation are ready to make a push.  Assist them.		Commander, los Marines de Observation están listos para avanzar. Ayúdalos.	New			
Silver tutorials	TUTORIAL_SILVER_COMMANDER_MARINE_47	There are quite a few aliens attacking this part of the map.  Perhaps they have a tunnel nearby?		Hay bastantes Aliens atacando esta parte del mapa. ¿Tendrán un túnel cerca?	New			
Silver tutorials	TUTORIAL_SILVER_COMMANDER_MARINE_48	Since we have an observatory, we can perform a scan of any location on the map.  Scan the room ahead to see what the aliens have.		Como tenemos un Observatory, podemos escanear cualquier lugar del mapa. Escanea el cuarto de adelante para ver qué tienen los Aliens.	New			
Silver tutorials	TUTORIAL_SILVER_COMMANDER_MARINE_49	Nope!  It's much worse than a tunnel: the aliens have a hive in Elevator Transfer!		¡No! Es mucho peor que un túnel: ¡los Aliens tienen una Hive en Elevator Transfer!	New			
Silver tutorials	TUTORIAL_SILVER_COMMANDER_MARINE_50	Drop a phasegate blueprint in observation: we're going to build a forward base here.		Coloca el plano de un portal de fase en Observation: vamos a construir una base avanzada aquí.	New			
Silver tutorials	TUTORIAL_SILVER_COMMANDER_MARINE_51	Now, drop an armory for them, like we did in repair.		Ahora colócales un Armory, como hicimos en Repair.	New			
Silver tutorials	TUTORIAL_SILVER_COMMANDER_MARINE_52	One of the players is requesting shotguns, which are much more powerful at close range than the rifle.  Select the armory, and research shotguns now.		Uno de los jugadores pide escopetas, que son mucho más potentes a corta distancia que el Rifle. Selecciona el Armory e investiga las escopetas ahora.	New			
Silver tutorials	TUTORIAL_SILVER_COMMANDER_MARINE_53	Good.  Now we should think about how we're going to kill this hive.		Bien. Ahora pensemos cómo vamos a destruir esta Hive.	New			
Silver tutorials	TUTORIAL_SILVER_COMMANDER_MARINE_54	One option is to simply charge in, guns blazing.  However, with so few marines and so many aliens, this is not likely to succeed.		Una opción es simplemente entrar a los tiros. Pero con tan pocos Marines y tantos Aliens, es poco probable que funcione.	New			
Silver tutorials	TUTORIAL_SILVER_COMMANDER_MARINE_55	Luckily, we have another option.  Build a robotics factory at the forward base.		Por suerte, tenemos otra opción. Construye una Robotics Factory en la base avanzada.	New			
Silver tutorials	TUTORIAL_SILVER_COMMANDER_MARINE_56	Select the Robotics Factory, and upgrade it to an ARC Factory.		Selecciona la Robotics Factory y mejórala a ARC Factory.	New			
Silver tutorials	TUTORIAL_SILVER_COMMANDER_MARINE_57	ARCs can fire through walls within a short distance, meaning we don't even need to enter the room to kill that hive!		Los ARCs pueden disparar a través de las paredes a corta distancia, ¡así que ni siquiera hace falta entrar al cuarto para destruir esa Hive!	New			
Silver tutorials	TUTORIAL_SILVER_COMMANDER_MARINE_58	Build an ARC from our new ARC factory.		Construye un ARC en nuestra nueva ARC Factory.	New			
Silver tutorials	TUTORIAL_SILVER_COMMANDER_MARINE_59	Even though ARCs can fire through walls, they still need their targets spotted for them.  We could scan the room repeatedly, however it will be cheaper in the long run to just build an observatory nearby.		Aunque los ARCs disparan a través de las paredes, igual necesitan que alguien les marque los objetivos. Podríamos escanear el cuarto una y otra vez, pero a la larga sale más barato construir un Observatory cerca.	New			
Silver tutorials	TUTORIAL_SILVER_COMMANDER_MARINE_60	Good, now select the ARC, and deploy it into its firing mode.		Bien, ahora selecciona el ARC y despliégalo en modo de disparo.	New			
Silver tutorials	TUTORIAL_SILVER_COMMANDER_MARINE_61	Hmm... something isn't right.  We haven't seen any aliens for a while.  What are they up to?		Mmm... algo anda mal. Hace rato que no vemos ningún Alien. ¿Qué estarán tramando?	New			
Silver tutorials	TUTORIAL_SILVER_COMMANDER_MARINE_62	Base rush incoming at home!  Check your map!		¡Viene un ataque en masa a la base! ¡Mira tu mapa!	New			
Silver tutorials	TUTORIAL_SILVER_COMMANDER_MARINE_63	We need to recall all troops home to deal with this.  Select the observatory and use the \"Distress Beacon\" ability.		Hay que traer a todas las tropas de vuelta para enfrentar esto. Selecciona el Observatory y usa la habilidad \"Beacon de emergencia\".	New			
Silver tutorials	TUTORIAL_SILVER_COMMANDER_MARINE_64	Keeping a cool head is great and all, but you really could be doing more to protect the base.		Mantener la calma está muy bien, pero de verdad podrías hacer más para proteger la base.	New			
Silver tutorials	TUTORIAL_SILVER_COMMANDER_MARINE_65	Good work!  Now let's go finish off that hive!		¡Buen trabajo! ¡Ahora vamos a acabar con esa Hive!	New			
Silver tutorials	TUTORIAL_SILVER_COMMANDER_MARINE_66	Good work... eventually.		Buen trabajo... al final.	New			
Silver tutorials	TUTORIAL_SILVER_COMMANDER_MARINE_67	Now I suggest we finish off that hive, if that isn't too much to ask.		Ahora sugiero que acabemos con esa Hive, si no es mucho pedir.	New			
Silver tutorials	TUTORIAL_SILVER_COMMANDER_MARINE_68	Good job!  The aliens have been defeated!		¡Buen trabajo! ¡Los Aliens fueron derrotados!	New			
Silver tutorials	TUTORIAL_SILVER_COMMANDER_MARINE_69	Now click the \"Socket Power Node\" button from the command card.		Ahora haz click en el botón \"Colocar Nodo de energía\" del panel de comandos.	New			
Silver tutorials	TUTORIAL_SILVER_COMMANDER_MARINE_70	Good.  Now create an Extractor blueprint on the resource node.		Bien. Ahora crea el plano de un Extractor sobre el nodo de recursos.	New			
Silver tutorials	TUTORIAL_SILVER_COMMANDER_MARINE_71	You should really get back in the command chair.		De verdad deberías volver a la Command Station.	New			
Silver tutorials	TUTORIAL_SILVER_COMMANDER_MARINE_72	This isn't the easter egg, by the way.  You're just breaking the flow of the tutorial, and it's making me sad.  Get back in the command station!		Por cierto, este no es el easter egg. Solo estás rompiendo el ritmo del tutorial, y eso me pone triste. ¡Vuelve a la Command Station!	New			glossary: 'Egg' should be translated ('huevo')
Silver tutorials	TUTORIAL_SILVER_COMMANDER_MARINE_73	Weapons 1 has just finished researching.  We should start the next upgrade right-away.		Armas 1 acaba de terminar de investigarse. Deberíamos empezar la siguiente mejora enseguida.	New			
Silver tutorials	TUTORIAL_SILVER_COMMANDER_MARINE_74	We can build a special kind of artillery piece here, called an ARC.  ARCs will only attack structures, but they can fire through walls!		Aquí podemos construir una pieza de artillería especial llamada ARC. Los ARCs solo atacan estructuras, ¡pero pueden disparar a través de las paredes!	New			
Silver tutorials	TUTORIAL_SILVER_COMMANDER_MARINE_75	You're moving the ARC the wrong way!  It was already in a good spot, where it was built.  Move it back to where the marines are.		¡Estás moviendo el ARC para el lado equivocado! Ya estaba en un buen lugar, donde se construyó. Llévalo de vuelta adonde están los Marines.	New			
Silver tutorials	TUTORIAL_SILVER_COMMANDER_MARINE_76	There is no need to move the ARC into the enemy base, it can blast the hive through the wall.  Move it back to where the marines are.		No hace falta meter el ARC en la base enemiga: puede bombardear la Hive a través de la pared. Llévalo de vuelta adonde están los Marines.	New			
Silver tutorials	TUTORIAL_SILVER_COMMANDER_MARINE_77	Congratulations, you've discovered that the tutorial will not actually allow you to lose.  We're all very impressed with how clever you are, now will you please get on with it?		Felicitaciones, descubriste que el tutorial en realidad no te deja perder. Estamos todos muy impresionados con lo listo que eres; ahora, ¿podrías seguir, por favor?	New			
Silver tutorials	TUTORIAL_SILVER_COMMANDER_MARINE_78	This concludes your formal training in commanding, soldier.  Be aware that there is still much more to learn that you'll pick up in the field.  Good luck.  Dismissed.		Con esto termina tu entrenamiento formal como Commander, soldado. Ten en cuenta que aún queda mucho por aprender, y lo irás aprendiendo en el campo. Buena suerte. Puede retirarse.	New			
Silver tutorials	TUTORIAL_SILVER_COMMANDER_MARINE_EASTER_EGG_1	Scan the room called \"Elevator Transfer\".		Escanea el cuarto llamado \"Elevator Transfer\".	New			
Silver tutorials	TUTORIAL_SILVER_COMMANDER_MARINE_EASTER_EGG_2	It's the one on the right-side of the map, just north of the two marines.		Es el del lado derecho del mapa, justo al norte de los dos Marines.	New			
Silver tutorials	TUTORIAL_SILVER_COMMANDER_MARINE_EASTER_EGG_3	You do know what \"North\" means, right?		Sabes lo que significa \"norte\", ¿verdad?	New			
Silver tutorials	TUTORIAL_SILVER_COMMANDER_MARINE_EASTER_EGG_4	And I assume \"right-side\" isn't just over your head, either?		Y supongo que \"lado derecho\" tampoco te queda grande, ¿no?	New			
Silver tutorials	TUTORIAL_SILVER_COMMANDER_MARINE_EASTER_EGG_5	...and \"two\"?  Am I- am I going too fast?		...¿y \"dos\"? ¿Voy... voy demasiado rápido?	New			
Silver tutorials	TUTORIAL_SILVER_COMMANDER_MARINE_EASTER_EGG_6	Okay let's try coming at this from another angle...		Bueno, probemos desde otro ángulo...	New			
Silver tutorials	TUTORIAL_SILVER_COMMANDER_MARINE_EASTER_EGG_7	Down...	Abajo...	Abajo...	Kept			
Silver tutorials	TUTORIAL_SILVER_COMMANDER_MARINE_EASTER_EGG_8	Left...	Izquierda...	Izquierda...	Kept			
Silver tutorials	TUTORIAL_SILVER_COMMANDER_MARINE_EASTER_EGG_9	Right...	Derecha...	Derecha...	Kept			
Silver tutorials	TUTORIAL_SILVER_COMMANDER_MARINE_EASTER_EGG_10	Up...	Up...	Arriba...	Fixed	FIX	Was left as "Up...".	
Silver tutorials	TUTORIAL_SILVER_COMMANDER_MARINE_EASTER_EGG_11	Are you listening to me?		¿Me estás escuchando?	New			
Silver tutorials	TUTORIAL_SILVER_COMMANDER_MARINE_EASTER_EGG_12	Okay trying something different now...		Bueno, probemos otra cosa...	New			
Silver tutorials	TUTORIAL_SILVER_COMMANDER_MARINE_EASTER_EGG_13	Ice cold...		Helado...	New			
Silver tutorials	TUTORIAL_SILVER_COMMANDER_MARINE_EASTER_EGG_14	YOU'RE BURNING UP!		¡TE QUEMAS!	New			
Silver tutorials	TUTORIAL_SILVER_COMMANDER_MARINE_EASTER_EGG_15	Warmer...		Más caliente...	New			
Silver tutorials	TUTORIAL_SILVER_COMMANDER_MARINE_EASTER_EGG_16	Colder...		Más frío...	New			
Silver tutorials	TUTORIAL_SILVER_COMMANDER_MARINE_EASTER_EGG_17	I swear this would be a lot more entertaining if I hadn't already given you explicit instructions on where it is that I'm directing you...		Te juro que esto sería mucho más entretenido si no te hubiera dado ya instrucciones explícitas de adónde te estoy mandando...	New			
Silver tutorials	TUTORIAL_SILVER_COMMANDER_MARINE_EASTER_EGG_18	It's amazing you even managed to find your way to the mouse and keyboard, let alone launch the game.		Es increíble que hayas logrado encontrar el mouse y el teclado, ni hablar de abrir el juego.	New			
Silver tutorials	TUTORIAL_SILVER_COMMANDER_MARINE_EASTER_EGG_19	Maybe you're just young and stupid...		Quizá solo eres joven y tonto...	New			
Silver tutorials	TUTORIAL_SILVER_COMMANDER_MARINE_EASTER_EGG_20	This isn't your average, every-day stupid... this is... ADVANCED stupid...		Esta no es una tontería común y corriente... esto es... tontería AVANZADA...	New	CHECK	Lines 20 to 22 quote old internet memes; translated for sense.	
Silver tutorials	TUTORIAL_SILVER_COMMANDER_MARINE_EASTER_EGG_21	No?  Okay how about \"The amount of stupid here is too damn high!\"		¿No? Bueno, ¿qué tal \"¡El nivel de tontería aquí es demasiado alto!\"?	New			
Silver tutorials	TUTORIAL_SILVER_COMMANDER_MARINE_EASTER_EGG_22	Y U NO scan the correct area, stupid!		¡¿X QUÉ NO escaneas la zona correcta, tonto?!	New	CHECK	The "Y U NO" meme.	
Silver tutorials	TUTORIAL_SILVER_COMMANDER_MARINE_EASTER_EGG_23	Okay, apparently using outdated memes won't let me get through to you either...		Bueno, parece que usar memes viejos tampoco me sirve para llegar a ti...	New			
Silver tutorials	TUTORIAL_SILVER_COMMANDER_MARINE_EASTER_EGG_24	Seriously I'm out of ideas.		En serio, me quedé sin ideas.	New			
Silver tutorials	TUTORIAL_SILVER_COMMANDER_MARINE_EASTER_EGG_25	Go ahead... keep scanning!  I don't WANT you to scan \"Elevator Transfer\"!		Dale... ¡sigue escaneando! ¡Yo NO QUIERO que escanees \"Elevator Transfer\"!	New			
Silver tutorials	TUTORIAL_SILVER_COMMANDER_MARINE_EASTER_EGG_26	Has reverse psychology ever actually worked?  I'm... just curious.		¿Alguna vez funcionó de verdad la psicología inversa? Solo... tengo curiosidad.	New			
Silver tutorials	TUTORIAL_SILVER_COMMANDER_MARINE_EASTER_EGG_27	With the amount of scans you've done, it's actually surprising you haven't yet discovered the treasure.  The... lost... Gorge's... treasure... ...		Con la cantidad de escaneos que hiciste, es sorprendente que aún no hayas descubierto el tesoro. El... tesoro... perdido... del Gorge... ...	New			
Silver tutorials	TUTORIAL_SILVER_COMMANDER_MARINE_EASTER_EGG_28	Okay, there is no treasure... I made it up...		Bueno, no hay ningún tesoro... lo inventé...	New			
Silver tutorials	TUTORIAL_SILVER_COMMANDER_MARINE_EASTER_EGG_29	Seriously... it doesn't exist!		En serio... ¡no existe!	New			
Silver tutorials	TUTORIAL_SILVER_COMMANDER_MARINE_EASTER_EGG_30	Oh for-... FINE!  Here's your damn treasure.  Now will you please scan \"Elevator Transfer\" so we can move on?		Ay, por... ¡ESTÁ BIEN! Aquí tienes tu maldito tesoro. ¿Ahora podrías escanear \"Elevator Transfer\" para que podamos seguir?	New			
Silver tutorials	TUTORIAL_SILVER_COMMANDER_MARINE_SHOTGUNS_PLZ	shotguns plz!!!!	escopetas plz!!!!	escopetas plz!!!!	Kept			
Silver tutorials	TUTORIAL_SILVER_COMMANDER_SCAN	Scan the room		Escanear el cuarto	New			
Silver tutorials	TUTORIAL_SILVER_COMMANDER_SELECT_DRIFTER	Select drifter		Seleccionar Drifter	New			
Silver tutorials	TUTORIAL_SILVER_COMMANDER_SELECT_WHIP	Select whip		Seleccionar Whip	New			
Silver tutorials	TUTORIAL_SILVER_RESEARCH_ARMOR_1	Research armor 1		Investigar Armadura 1	New			
Silver tutorials	TUTORIAL_SILVER_RESEARCH_ARMOR_2	Research armor 2		Investigar Armadura 2	New			
Silver tutorials	TUTORIAL_SILVER_RESEARCH_PHASE_TECH	Research phase tech		Investigar tecnología de fase	New			
Silver tutorials	TUTORIAL_SILVER_RESEARCH_SHOTGUNS	Research shotguns		Investigar escopetas	New			
Silver tutorials	TUTORIAL_SILVER_RESEARCH_WEAPONS_1	Research weapons 1		Investigar Armas 1	New			
Silver tutorials	TUTORIAL_SILVER_RESEARCH_WEAPONS_2	Research weapons 2		Investigar Armas 2	New			
Silver tutorials	TUTORIAL_SILVER_SHOW_TECH_MAP	Show tech map (hold)		Mostrar árbol de tecnologías (mantener)	New			length: 39 chars vs 20 in English
Silver tutorials	TUTORIAL_SILVER_UPGRADE_TO_ARC_FACTORY	Upgrade to ARC factory		Mejorar a ARC Factory	New			
Other	TUTORIAL	TUTORIAL		TUTORIAL	New			
