Tutorial menu and misc	CHALLENGE_MEDAL_BRONZE	Bronze Medal	Bronze Medal	english
Tutorial menu and misc	CHALLENGE_MEDAL_SILVER	Silver Medal	Silver Medal	english
Tutorial menu and misc	CHALLENGE_MEDAL_GOLD	Gold Medal	Gold Medal	english
Tutorial menu and misc	CHALLENGE_MEDAL_SHADOW	Shadow Medal	Shadow Medal	english
Tutorial menu and misc	CHALLENGE_REPLAY_LINE_1	Replay	Replay	english
Tutorial menu and misc	CHALLENGE_REPLAY_LINE_2	& Ghost	& Ghost	english
Tutorial menu and misc	TUT_COMING_SOON	COMING SOON	PROXIMAMENTE	translated
Tutorial menu and misc	TUT_START	START	START	english
Tutorial menu and misc	TUTNAG_CLOSE	Close	Close	english
Tutorial menu and misc	TUTNAG_MSG	TSF Regulation 1.01 recommends new recruits to take the standard galactic Training course before deployment.	TSF Regulation 1.01 recommends new recruits to take the standard galactic Training course before deployment.	english
Tutorial menu and misc	TUTNAG_PLAY	Start the Training!	Start the Training!	english
Tutorial menu and misc	TUTNAG_PLAYNOW	Join a Boot Camp!	Join a Boot Camp!	english
Tutorial menu and misc	TUTNAG_TITLE	TSF Regulation 1.01!	TSF Regulation 1.01!	english
Tutorial menu and misc	TUTORIAL_DISABLED_BY_TUTORIAL_ERROR	ERROR: Disabled by tutorial.	ERROR: Disabled by tutorial.	english
Tutorial menu and misc	TUTORIAL_MISC_ALIEN_VISION	Alien Vision	Alien Vision	english
Tutorial menu and misc	TUTORIAL_MISC_BUILD_STRUCTURE	Build Structure	Build Structure	english
Tutorial menu and misc	TUTORIAL_MISC_BUY_EXOSUIT	Buy Exosuit	Buy Exosuit	english
Tutorial menu and misc	TUTORIAL_MISC_BUY_EXOSUIT2	Buy Second Gun	Buy Second Gun	english
Tutorial menu and misc	TUTORIAL_MISC_BUY_SHOTGUN	Buy Shotgun	Buy Shotgun	english
Tutorial menu and misc	TUTORIAL_MISC_BUY_WELDER	Buy Welder	Buy Welder	english
Tutorial menu and misc	TUTORIAL_MISC_CARAPACE_DISABLED	Carapace Disabled	Carapace Disabled	english
Tutorial menu and misc	TUTORIAL_MISC_CHARGE	Charge (hold)	Charge (hold)	english
Tutorial menu and misc	TUTORIAL_MISC_CROUCH	Crouch (hold)	Crouch (hold)	english
Tutorial menu and misc	TUTORIAL_MISC_CRUSH_DISABLED	Crush Disabled	Crush Disabled	english
Tutorial menu and misc	TUTORIAL_MISC_DEAD_ONOS	The only good onos is a dead onos.	The only good onos is a dead onos.	english
Tutorial menu and misc	TUTORIAL_MISC_DETACH	Detach	Detach	english
Tutorial menu and misc	TUTORIAL_MISC_DISPLAY_MAP	Display Map (hold)	Display Map (hold)	english
Tutorial menu and misc	TUTORIAL_MISC_DONT_FORGET_ONOS_UPGRADES	Don't forget upgrades!	Don't forget upgrades!	english
Tutorial menu and misc	TUTORIAL_MISC_EQUIP_AXE	Equip Axe	Equip Axe	english
Tutorial menu and misc	TUTORIAL_MISC_EQUIP_BITE	Equip Bite	Equip Bite	english
Tutorial menu and misc	TUTORIAL_MISC_EQUIP_PARASITE	Equip Parasite	Equip Parasite	english
Tutorial menu and misc	TUTORIAL_MISC_EQUIP_PISTOL	Equip Pistol	Equip Pistol	english
Tutorial menu and misc	TUTORIAL_MISC_EQUIP_RIFLE	Equip Rifle	Equip Rifle	english
Tutorial menu and misc	TUTORIAL_MISC_EQUIP_WELDER	Equip Welder	Equip Welder	english
Tutorial menu and misc	TUTORIAL_MISC_EVOLVE_MENU	Evolve Menu	Evolve Menu	english
Tutorial menu and misc	TUTORIAL_MISC_FADE_DISABLED	Fade Disabled	Fade Disabled	english
Tutorial menu and misc	TUTORIAL_MISC_GORGE_DISABLED	Gorge Disabled	Gorge Disabled	english
Tutorial menu and misc	TUTORIAL_MISC_GUN_LEFT	Fire Left Gun	Fire Left Gun	english
Tutorial menu and misc	TUTORIAL_MISC_GUN_RIGHT	Fire Right Gun	Fire Right Gun	english
Tutorial menu and misc	TUTORIAL_MISC_LERK_DISABLED	Lerk Disabled	Lerk Disabled	english
Tutorial menu and misc	TUTORIAL_MISC_PICKUP_AMMOPACK	Pickup the ammopack	Pickup the ammopack	english
Tutorial menu and misc	TUTORIAL_MISC_PICKUP_BOTH_MEDPACKS	Pickup both medpacks	Pickup both medpacks	english
Tutorial menu and misc	TUTORIAL_MISC_PICKUP_MEDPACK	Pickup the medpack	Pickup the medpack	english
Tutorial menu and misc	TUTORIAL_MISC_PICKUP_SHOTGUN	Pickup the shotgun	Pickup the shotgun	english
Tutorial menu and misc	TUTORIAL_MISC_REQUEST_NUTRIENT_MIST	Request Nutrient Mist	Request Nutrient Mist	english
Tutorial menu and misc	TUTORIAL_MISC_SHOOT_PARASITE	Shoot Parasite	Shoot Parasite	english
Tutorial menu and misc	TUTORIAL_MISC_SKULK_DISABLED	Skulk Disabled	Skulk Disabled	english
Tutorial menu and misc	TUTORIAL_MISC_SKULK_FALL	Well I suppose that's ONE way to kill a skulk.	Well I suppose that's ONE way to kill a skulk.	english
Tutorial menu and misc	TUTORIAL_MISC_SNEAK	Sneak	Sneak	english
Tutorial menu and misc	TUTORIAL_MISC_SPRINT	Run	Correr	translated
Tutorial menu and misc	TUTORIAL_MISC_VAMPIRISM_DISABLED	Vampirism Disabled	Vampirism Disabled	english
Tutorial menu and misc	TUTORIAL_MISC_WELD_STRUCTURE	Weld Structure	Weld Structure	english
Tutorial menu and misc	TUT_ABOTNUMBER	NUMBER OF ALIEN BOTS	NÚMERO DE BOTS ALIEN	translated
Tutorial menu and misc	TUT_ACOMMBOT	ALIEN COMMANDER BOT	BOT COMMANDER ALIEN	translated
Tutorial menu and misc	TUT_CAT_1	General	General	english
Tutorial menu and misc	TUT_CAT_10	Fade & Onos	Fade y Onos	translated
Tutorial menu and misc	TUT_CAT_11	Evolution Traits	Mejoras evolutivas	translated
Tutorial menu and misc	TUT_CAT_2	Marine Basics	Marine básico	translated
Tutorial menu and misc	TUT_CAT_3	Marine Advanced	Marine avanzado	translated
Tutorial menu and misc	TUT_CAT_4	Marine Weapons	Armas marine	translated
Tutorial menu and misc	TUT_CAT_5	Marine Items	Objetos marine	translated
Tutorial menu and misc	TUT_CAT_6	Alien Basics	Alien básico	translated
Tutorial menu and misc	TUT_CAT_7	Alien Advanced	Alien avanzado	translated
Tutorial menu and misc	TUT_CAT_8	Skulk & Lerk	Skulk y Lerk	translated
Tutorial menu and misc	TUT_CAT_9	Gorge	Gorge	english
Tutorial menu and misc	TUT_MBOTNUMBER	NUMBER OF MARINE BOTS	NÚMERO DE BOTS MARINE	translated
Tutorial menu and misc	TUT_MBOTSKILL	MARINE SKILL LEVEL	HABILIDAD MARINES	translated
Tutorial menu and misc	TUT_MCOMMBOT	MARINE COMMANDER BOT	BOT COMMANDER MARINE	translated
Tutorial menu and misc	TUT_MESSAGE_1	Learn the basics of Natural Selection 2!  Each tutorial should take about\n5-8 minutes to complete.  You can also put your Lerk and Fade skills to the\ntest in the Hive Challenge!	Learn the basics of Natural Selection 2!  Each tutorial should take about\n5-8 minutes to complete.  You can also put your Lerk and Fade skills to the\ntest in the Hive Challenge!	english
Tutorial menu and misc	TUT_MESSAGE_2	Sandbox mode allows you to freely practice and try out various parts of the game.\nYou can join the Marines and purchase any weapon from the Armory and Prototype Lab.\nYou can join the Aliens and evolve into any lifeform with any traits.	El modo sandbox te permite prácticar líbremente y probar el juego a tu antojo.\nPuedes entrar a Marines y comprar cualquier arma de la Armory y del Prototype Lab.\nPuedes entrar a Aliens y evolucionar a cualquier clase con cualquier mejora.	translated
Tutorial menu and misc	TUT_MESSAGE_3	NOTE: Bots are meant for learning the game, so they may not present a challenge to\nexperienced players. You can have friends join your game, but make sure your ports are\nforwarded. Enjoy!	NOTA: Los bots son para familiarizarse con el juego, así que no son un reto\npara jugadores experimentados. Tus amigos se pueden unir a la partida, pero asegurate que has abierto los\npuertos. ¡Disfruta!	translated
Marine tutorial (old)	TUT_MARINE_MSG_1	Welcome to the ready room. NS2 is a team vs. team game, so walk towards the blue waypoint to join the Marine team.	Bienvenido a la ready room. NS2 es un juego de equipo, así que anda hacia el waypoint azul para hacerte Marine.	translated
Marine tutorial (old)	TUT_MARINE_MSG_10	Use your welder to repair the command station by going up to it and holding the BIND_PrimaryAttack button.	Usa tu welder para reparar la Command Station acercándote y manteniendo pulsado BIND_PrimaryAttack.	translated
Marine tutorial (old)	TUT_MARINE_MSG_11	Good work! If the aliens destroy all command stations, marines will lose. Defend them and repair them.	¡Buen trabajo! Si los aliens destruyen todas las Command Station, los marines pierden. ¡Defiéndelas y repáralas!	translated
Marine tutorial (old)	TUT_MARINE_MSG_12	Now use your welder to build the observatory your commander just dropped by going up to it and holding the BIND_PrimaryAttack button. The welder builds faster.	Ahora usa tu welder para construir el observatorio que tu Commander acaba de poner acercándote y manteniendo pulsado BIND_PrimaryAttack. El welder construye más rápido.	translated
Marine tutorial (old)	TUT_MARINE_MSG_13	Press the 1 key to switch back to your primary weapon.	Pulsa 1 para volver a tu arma principal.	translated
Marine tutorial (old)	TUT_MARINE_MSG_14	The observatory has detected more enemies! They show up as red dots on your minimap on the top left of the screen. Find them and take care of them.	¡El observatorio ha detectado más enemigos! Aparecen como puntos rojos en el mapa en la esquina superior izquierda de la pantalla. Búscalos y ocúpate de ellos.	translated
Marine tutorial (old)	TUT_MARINE_MSG_15	If you run out of ammo, you can switch to other weapons using the 2 and 3 keys.	Si te quedas sin munición, puedes cambiar a tus otras armas pulsando 2 y 3.	translated
Marine tutorial (old)	TUT_MARINE_MSG_16	Great, go back to the armory again to refill your ammo and health. 	Genial, vuelve a la armory otra vez para llenar tus armas y salud.	translated
Marine tutorial (old)	TUT_MARINE_MSG_17	Always remember where the nearest armory is in case you need to retreat.	Siempre recuerda donde está la armory más cercana en caso de que necesites volver.	translated
Marine tutorial (old)	TUT_MARINE_MSG_18	Your commander has used team resources to research shotguns! But you need 20 personal resources to buy one.	¡Tu Commander ha usado recursos de equipo para investigar escopetas! Necesitas 20 res personales para comprar una.	translated
Marine tutorial (old)	TUT_MARINE_MSG_19	To gain resources faster, help your team capture and secure resource points around the map. Hold BIND_ShowMap to open your detailed map and use it to navigate to Cafeteria.	Para ganar recursos más rápido, ayuda a tu equipo capturar y asegurar puntos de recursos por el mapa. Mantén pulsado BIND_ShowMap para abrir el mapa y úsalo para orientarte e ir a Cafetería.	translated
Marine tutorial (old)	TUT_MARINE_MSG_2	Each team has one commander and everyone else is a ground troop. For now, you will be a ground troop	Cada equipo tiene un commander y el resto son soldados de campo. Por ahora, serás un soldado.	translated
Marine tutorial (old)	TUT_MARINE_MSG_20	There are enemies here! Dispatch all of them to secure the area.	¡Aquí hay enemigos! Deshazte de ellos para asegurar la zona.	translated
Marine tutorial (old)	TUT_MARINE_MSG_21	Good work. Resource points are nozzles on the ground that emit gas. Find the one in cafeteria and stand on it.	Buen trabajo. Los puntos de recursos son las boquillas en el suelo que emiten gas. Encuentra la de Cafetería y ve hacía ella.	translated
Marine tutorial (old)	TUT_MARINE_MSG_22	You've found the resource point. Your commander will drop an extractor to harvest its resources. Build it.	Has encontrado el punto de recursos. Tu Commander te tirará un extractor para obtener recursos. Constrúyelo.	translated
Marine tutorial (old)	TUT_MARINE_MSG_23	However, all marine structures need power to function. Build the nearby power node.	Sin embargo, todas las estructuras marines necesitan energía para funcionar. Construye el power node cercano.	translated
Marine tutorial (old)	TUT_MARINE_MSG_24	The extractor will now produce resources. You will soon have enough to buy the shotgun back at the armory. Go buy it. [Hold SHIFT to sprint]	El extractor ahora producirá recursos. Pronto tendrás suficiente para comprar la escopeta en la armory. Compra una. [Mantén pulsado SHIFT para esprintar]	translated
Marine tutorial (old)	TUT_MARINE_MSG_25	Awesome! Other weapons can be unlocked if your commander researches them.	¡Estupendo! Otras armas se pueden desbloquear si el Commander las investiga.	translated
Marine tutorial (old)	TUT_MARINE_MSG_26	More enemies have arrived! You know what to do!	¡Llegan más enemigos! ¡Ya sabes lo que hacer!	translated
Marine tutorial (old)	TUT_MARINE_MSG_27	Good work, rookie. Those are the basics of playing marines, but there are plenty more weapons, structures, and upgrades to discover!	Buen trabajo, principiante. Eso es lo básico de jugar marines, pero hay más armas, estructuras y mejoras que descubrir.	translated
Marine tutorial (old)	TUT_MARINE_MSG_28	Now press BIND_ReadyRoom to go back to the ready room and learn about the alien side.	Ahora pulsa BIND_ReadyRoom para volver a la ready room y aprender el lado alien.	translated
Marine tutorial (old)	TUT_MARINE_MSG_3	Your commander has dropped an armory, a very important structure. Go up to the blue ghost and hold E to build it.	Tu commander ha colocado una armory, una estructura importante. Acércate a la estructura fantasma y mantén E pulsado para construirla.	translated
Marine tutorial (old)	TUT_MARINE_MSG_4	Good work. But there are enemies nearby. Go to the other side of the room, find them, and dispatch them. [You cannot die in the tutorial]	Buen trabajo. Pero hay enemigos cerca. Ve al otro lado de la sala, encuéntralos y mátalos. [No puedes morir en el tutorial]	translated
Marine tutorial (old)	TUT_MARINE_MSG_5	Good shooting! Go back to the armory to refill your ammo and health.	¡Buen trabajo! Vuelve a la armory para rellenar tu vida y munición.	translated
Marine tutorial (old)	TUT_MARINE_MSG_6	Simply stand near the armory and look at it to resupply.	Simplemente acércate y mira hacía la armory para recibir vida y munición.	translated
Marine tutorial (old)	TUT_MARINE_MSG_7	Another enemy has snuck in and is attacking your command station, the large structure behind the armory. Defend it!	Otro enemigo se ha colado y está atacando tu Command Station, la estructura grande detrás de la armory. ¡Defiendela!	translated
Marine tutorial (old)	TUT_MARINE_MSG_8	The command station is damaged. Go back to the armory, press E, and use your mouse to buy the welder.	La Command Station está dañada. Vuelve a la armory, pulsa E, y usa el ratón para comprar un welder.	translated
Marine tutorial (old)	TUT_MARINE_MSG_9	Buying equipment costs personal resources, displayed at the bottom right of the screen.	Comprar equipamiento cuesta recursos personales, mostrados en la esquina inferior derecha de tu pantalla.	translated
Alien tutorial (old)	TUT_ALIEN_MSG_1	Welcome back to the ready room. Now walk towards the yellow waypoint to join the Alien team.	Bienvenido de nuevo a la ready room. Ahora ve hacía el waypoint amarillo para unirte al equipo Alien.	translated
Alien tutorial (old)	TUT_ALIEN_MSG_10	You can hold SHIFT to silence your foot steps so enemies can't hear you.	Puedes pulsar SHIFT para silenciar tus pasos para que tus enemigos no te oigan.	translated
Alien tutorial (old)	TUT_ALIEN_MSG_11	Get that marine down there!	¡Ve a por ese marine de ahí!	translated
Alien tutorial (old)	TUT_ALIEN_MSG_12	Skulks are useful, but you can evolve into other life forms as well. Press BIND_Buy to open the evolve menu, then evolve into the Gorge.	Los Skulks son útiles, pero puedes evolucionar a otras clases. Pulsa BIND_Buy para abrir el menú de evolución, y evoluciona a Gorge.	translated
Alien tutorial (old)	TUT_ALIEN_MSG_13	The gorge is a defensive support life form that can heal and build small structures	El Gorge es una clase de soporte que puede curar y construir pequeñas estructuras	translated
Alien tutorial (old)	TUT_ALIEN_MSG_14	Try building a few clogs. Press the number 2, then 2 again, then aim at something and BIND_PrimaryAttack. Build 3 of them.	Intenta construir unos cuantos clogs. Pulsa 2, después 2 de nuevo, apunta a algo y pulsa BIND_PrimaryAttack. Construye 3.	translated
Alien tutorial (old)	TUT_ALIEN_MSG_15	Clogs can block off passages and slow down marines.	Los Clogs pueden bloquear pasillos y ralentizar marines.	translated
Alien tutorial (old)	TUT_ALIEN_MSG_16	You need to heal them for them to grow. Aim at them and hold BIND_SecondaryAttack.	Necesitas curar para que crezcan. Apunta en esa dirección y mantén pulsado BIND_SecondaryAttack.	translated
Alien tutorial (old)	TUT_ALIEN_MSG_17	A marine is coming! But don't worry. Stand near your hydras and let them take care of him for you.	¡Viene un marine! No te preocupes. Mantente cerca de tus hydras y ellas se encargarán de él por tí.	translated
Alien tutorial (old)	TUT_ALIEN_MSG_18	Finally, let's try out the flying Lerk. Press BIND_Buy and evolve into it now.	Para finalizar, probemos el Lerk. Pulsa BIND_Buy y evoluciona a esa clase.	translated
Alien tutorial (old)	TUT_ALIEN_MSG_19	Lerks move by flying. Hold W and tap space bar repeatedly to fly forward, and hold space bar to glide. Try this now.	Los Lerks vuelan. Mantén pulsado W y ve pulsando la barra espaciadora para volar hacia adelante, mantén pulsada la barra espaciadora para planear.	translated
Alien tutorial (old)	TUT_ALIEN_MSG_2	Please wait while you spawn.	Por favor espera para renacer.	translated
Alien tutorial (old)	TUT_ALIEN_MSG_20	Fly around and dispatch the marine in Courtyard! BIND_SecondaryAttack to shoot projectives, BIND_PrimaryAttack to bite.	¡Vuela alrededor y mata al marine en Courtyard! BIND_SecondaryAttack para disparar proyectiles, BIND_PrimaryAttack para morder.	translated
Alien tutorial (old)	TUT_ALIEN_MSG_21	Lastly, aliens can evolve traits. Press BIND_Buy, click the yellow icon labeled Regeneration on the bottom right of the circle, then click 'Evolve'.	Por último, los aliens pueden obtener mejoras evolutivas. Pulsa BIND_Buy, pulsa el icono amarillo llamado Regeneration en la parte inferior derecha del círculo y pulsa 'Evolucionar'.	translated
Alien tutorial (old)	TUT_ALIEN_MSG_22	Those are the basics of playing aliens. There are more life forms and abilities to learn about, and you can try them out in the Sandbox mode under the Training menu.	Eso es lo básico para jugar aliens. Hay más clases y habilidades que aprender, las puedes probar en el modo Sandbox en el menú de entrenamiento.	translated
Alien tutorial (old)	TUT_ALIEN_MSG_23	You can also practice against bots via the Training menu if you don't feel ready to play real games yet. Good luck and have fun!	También puedes practicar contra bots en el menú de entrenamiento si no te ves preparado para jugar partidas de verdad todavía. ¡Buena suerte y diviértete!	translated
Alien tutorial (old)	TUT_ALIEN_MSG_24	You can also build hydras, which function as defensive turrets. Press the number 2, then the number 1 to select them. Build 3 of them.	También puedes construir hydras, que funcionan como torretas defensivas. Pulsa el número 2 y después el número 1 para seleccionarlas. Construye 3.	translated
Alien tutorial (old)	TUT_ALIEN_MSG_25	Now your health will regenerate over time. Your commander decides which traits to make available, and each gives a specific benefit to any lifeform.	Ahora tu salud se recuperará con el tiempo. Tu commander decide que mejoras están disponibles, y ofrece ciertos beneficios a los aliens.	translated
Alien tutorial (old)	TUT_ALIEN_MSG_26	Use your map and fly to Courtyard.	Usa el mapa para volar hasta Courtyard.	translated
Alien tutorial (old)	TUT_ALIEN_MSG_3	Aliens start as skulks. You can walk up walls by going up to a wall, looking up, and pressing W. Walk up towards the ceiling fan now.	Los aliens comienzan como skulks. Puedes andar por las paredes acercándote a ellas, mirando hacia arriba y pulsando W. Ve hacia el ventilador del techo.	translated
Alien tutorial (old)	TUT_ALIEN_MSG_4	Good. As long as you stay close to a wall or ceiling, you will not fall.	Bien. Siempre que estés cerca de una pared o techo, no te caerás.	translated
Alien tutorial (old)	TUT_ALIEN_MSG_5	A marine is below you! Climb down while staying behind him, sneak up, then BIND_PrimaryAttack to bite!	¡Hay un marine debajo! Baja sigilosamente y ve por detrás, pulsa BIND_PrimaryAttack para morder.	translated
Alien tutorial (old)	TUT_ALIEN_MSG_6	Good work. Stand near the Hive, the large orange organism under the ceiling fan, to get healed.	Buen trabajo. Quédate cerca de la Hive, el organismo grande y naranja bajo el ventilador, para curarte.	translated
Alien tutorial (old)	TUT_ALIEN_MSG_7	If marines destroy all hives, they win. Defend them.	Si los marines eliminan todas las hives, ganan. Defiéndelas.	translated
Alien tutorial (old)	TUT_ALIEN_MSG_8	Now hold BIND_ShowMap to use your map and go to Pressure Control. Find the marine there and dispatch him.	Ahora mantén pulsado BIND_ShowMap para usar tu mapa e ir a Pressure Control. Encuentra al marine que hay allí y mátalo.	translated
Alien tutorial (old)	TUT_ALIEN_MSG_9	Good hunting! Open your map again, and note the thick orange line East of you. This is a vent. Find the entrance and go through it.	¡Buen trabajo! Abre tu mapa de nuevo, y fíjate en la línea ancha naranja a tu derecha. Es un vent. Encuentra la entrada y métete allí.	translated
Commander tutorial (old)	COMMANDER_TUT_BUILD_ARMORY	One of the most important tasks as marine commander is to support your troops. Select the build menu [1:BuildMenu] and build an Armory [2:Armory] in your base. From this structure, your marines will be able to obtain ammo and heal themselve.	Una de las tareas más importantes del commander marine es dar soporte a tus soldados. Selecciona el menú de construir [1:BuildMenu] y construye una Armory [2:Armory] en tu base. De esta estructura, tus marines podrán obtener munición y curarse.	translated
Commander tutorial (old)	COMMANDER_TUT_BUILD_ARMS_LAB	Your team needs upgrades. Select the build menu [1:BuildMenu] and create an Arms Lab [2:ArmsLab] in your base.	Tu equipo necesita mejoras. Selecciona el menú de construir [1:BuildMenu] y crea un Arms Lab [2:ArmsLab] en tu base.	translated
Commander tutorial (old)	COMMANDER_TUT_BUILD_CYST	All structures need infestation. To expand it, you need to first select the build menu [1:BuildMenu], then select the Cyst [2:Cyst] icon and place it.	Todas las estructuras necesitan infestación. Para expandirla, primero necesitas seleccionar el menú de construir [1:BuildMenu] y después seleccionar el icono del Cyst [2:Cyst] y colocarlo.	translated
Commander tutorial (old)	COMMANDER_TUT_BUILD_EXTRACTOR	You need a higher resource [CollectResources] income. Select the build menu [1:BuildMenu] and build an Extractor [2:Extractor] at the closest resource node.	Necesitas más recursos [CollectResources]. Selecciona el menú de construir [1:BuildMenu] y construye un Extractor [2:Extractor] en el nodo más cercano.	translated
Commander tutorial (old)	COMMANDER_TUT_BUILD_HIVE	Stronger abilities require a higher biomass level. The current level is displayed at the top left of your screen. To increase the biomass level, select the build menu [1:BuildMenu] and build another Hive [2:Hive] at a free tech point [TechPoint]	Mejores habilidades requiere un nivel más alto de biomass. El nivel actual se muestra en la esquina superior izquierda de la pantalla. Para aumentar el nivel de biomass, selecciona el menú de construir [1:BuildMenu] y construye otra Hive [2:Hive] en un tech point sin ocupar [TechPoint]	translated
Commander tutorial (old)	COMMANDER_TUT_BUILD_OBS	Advanced technologies allows marines to travel instantly between two points. To unlock this technology, select the advanced build menu [1:AdvancedMenu] and create an Observatory [2:Observatory] in your base. Observatories have a passive ability and scan the area around it.	Tecnologías avanzadas permiten a los marines viajar instantáneamente entre dos puntos. Para desbloquear esta tecnología, selecciona el menú avanzado [1:AdvancedMenu] y crea un Observatory [2:Observatory] en tu base. Los observatorios tienen una habilidad pasiva y escanean el área a su alrededor.	translated
Commander tutorial (old)	COMMANDER_TUT_BUILD_PHASE_GATE	Phase Gate Technology is now unlocked. Select the advanced build menu [1:AdvancedMenu]. All phase gates you build will be connected with each other (connection is indicated as a line on the minimap) and allow marines to instantly travel between those points. Build the first Phase Gate [2:PhaseGate] in your base.	La tecnología de Phase Gates está desarrollada. Selecciona el menú de construcción avanzado [1:AdvancedMenu]. Todos los phase gates que construyas estarán conectados entre ellos (la conexión se indica con una linea en el minimapa) y permite a los marines viajar instantáneamente entre esos puntos. Construye el primer Phase Gate [2:PhaseGate] en tu base.	translated
Commander tutorial (old)	COMMANDER_TUT_BUILD_PROTO	Now since you have an Arms Lab, it's time to unlock Exosuits for your marines. Build a [2:PrototypeLab] from the advanced build menu [1:AdvancedMenu].	Ahora que tienes una Advanced Armory, es hora de desbloquear más equipamiento para tus marines. Una serie de tecnologías experimentales son accesibles desde el menú de construcción avanzada [1:AdvancedMenu] en el [2:PrototypeLab]	translated
Commander tutorial (old)	COMMANDER_TUT_BUILD_SECOND_PHASE_GATE	Now chose a destination point, ideally next to an unoccupiet Tech Point [TechPoint]. Select the advanced build menu [1:AdvancedMenu] and build the phase gate [2:PhaseGate]	Ahora elige un punto de destino, preferiblemente cerca de un tech point sin ocupar [TechPoint]. Selecciona el menú de construcción avanzada [1:AdvancedMenu] y construye el phase gate [2:PhaseGate]	translated
Commander tutorial (old)	COMMANDER_TUT_BUILD_SECOND_SHELL	Select the advanced build menu [1:AdvancedMenu] and build a second shell [2:SecondShell] 	Selecciona el menú de construcción avanzada [1:AdvancedMenu] y construye una segunda Shell [2:SecondShell]	translated
Commander tutorial (old)	COMMANDER_TUT_BUILD_SECOND_SPUR	Select the advanced build menu [1:AdvancedMenu] and build a second spur [2:SecondSpur] 	Selecciona el menú de construcción avanzada [1:AdvancedMenu] y construye un segundo Spur [2:SecondSpur]	translated
Commander tutorial (old)	COMMANDER_TUT_BUILD_SECOND_VEIL	Select the advanced build menu [1:AdvancedMenu] and build a second veil [2:SecondVeil] 	Selecciona el menú de construcción avanzada [1:AdvancedMenu] y construye una segunda Veil [2:SecondVeil]	translated
Commander tutorial (old)	COMMANDER_TUT_BUILD_SHELL	Select the advanced build menu [1:AdvancedMenu] and build a Shell [2:Shell] next to your Hive. This unlocks new upgrades for your team, build a maximum of three for increase upgrade strength.	Selecciona el menú de construcción avanzada [1:AdvancedMenu] y construye una Shell [2:Shell] al lado de tu Hive. Esto desbloquea nuevas mejoras para tu equipo, construye un máximo de tres para incrementar la efectividad de la mejora.	translated
Commander tutorial (old)	COMMANDER_TUT_BUILD_SPUR	Select the advanced build menu [1:AdvancedMenu] and build a Spur [2:Spur] next to your Hive. This unlocks new upgrades for your team, build a maximum of three for increase upgrade strength.	Selecciona el menú de construcción avanzada [1:AdvancedMenu] y construye un Spur [2:Spur] al lado de tu Hive. Esto desbloquea nuevas mejoras para tu equipo, construye un máximo de tres para incrementar la efectividad de la mejora.	translated
Commander tutorial (old)	COMMANDER_TUT_BUILD_VEIL	Select the advanced build menu [1:AdvancedMenu] and build a Veil [2:Veil] next to your Hive. This unlocks new upgrades for your team, build a maximum of three for increase upgrade strength.	Selecciona el menú de construcción avanzada [1:AdvancedMenu] y construye una Veil [2:Veil] al lado de tu Hive. Esto desbloquea nuevas mejoras para tu equipo, construye un máximo de tres para incrementar la efectividad de la mejora.	translated
Commander tutorial (old)	COMMANDER_TUT_CONSTRUCT_DRIFTER	You can increase the grow rate of any structure by using Drifters [1:DrifterEgg], which can be build on infestation. Drifters will automatically search for ungrown structures in range, but you can also manually order them.	Puedes incrementar la velocidad de crecimiento de cualquier estructura usando Drifters [1:DrifterEgg], que se puede construir en infestación. Los Drifters buscarán estructuras a construir en su rango, pero también puedes darles órdenes directamente.	translated
Commander tutorial (old)	COMMANDER_TUT_DROP_AMMOPACK	You directly supply your Marines by dropping packs they can pick up. Select the assist menu [1:AssistMenu] and drop an ammopack [2:AmmoPack] to provide ammunition.	Puedes administrar munición a tus marines directamente tirándoles paquetes de munición que pueden recoger. Selecciona el menú de asistencia [1:AssistMenu] y tira un ammopack [2:AmmoPack] para dar munición.	translated
Commander tutorial (old)	COMMANDER_TUT_DROP_MEDPACK	You directly supply your Marines by dropping packs they can pick up. Select the assist menu [1:AssistMenu] and drop a medpack [2:MedPack] to heal wounded marines.	Puedes administrar salud a tus marines directamente tirándoles medpacks que pueden recoger. Selecciona el menú de asistencia [1:AssistMenu] y tira un medpack [2:MedPack] para curar a marines heridos.	translated
Commander tutorial (old)	COMMANDER_TUT_INFEST_NODE	You need a higher resource [CollectResources] income. Build a cyst [1:Cyst] next to the closest resource node, then once the infestation has spread over the node, select the harvester [2:Harvester] from the build menu and drop it on the resource node.	Necesitas más recursos [CollectResources]. Construye un cyst [1:Cyst] al lado del nodo de recursos más cercano, y una vez que la infestación se haya extendido sobre el nodo, selecciona el harvester [2:Harvester] del menú de construcción y ponlo en el nodo de recursos.	translated
Commander tutorial (old)	COMMANDER_TUT_ORDER_DRIFTER	With right click you can give the Drifter a move order [1:Move] The drifter also has a set of abilities to support your team mates that are unlocked depending on which hive types you have upgraded. Click on an ability [2:EnzymeCloud] [2:Hallucinate] [2:MucousMembrane] then select a target position.	Con el botón derecho puedes darle al Drifter una order para moverse [1:Move] El drifter también tiene habilidades para dar soporte a tus compañeros dependiendo de el tipo de hives que tengas. Haz click en una habilidad [2:EnzymeCloud] [2:Hallucinate] [2:MucousMembrane] y después selecciona un punto donde aplicarla.	translated
Commander tutorial (old)	COMMANDER_TUT_ORDER_DRIFTER_TO_HIVE	To increase the grow rate of your Hive, select a Drifter [1:Drifter] and right click on the unbuilt hive [2:Grow] 	Para aumentar la velocidad de crecimiento de tu Hive, selecciona un Drifter [1:Drifter] y haz click derecho en la Hive sin construir [2:Grow]	translated
Commander tutorial (old)	COMMANDER_TUT_ORDER_TROOPS	Order your marines to build the structures you just dropped. To select all marines, click on the item at the top left [1:Marine]. Then right click on an unbuilt structure to give them a build order [2:Construct] 	Da ordenes a tus marines para que construyan lo que acabas de colocar. Para seleccionar a todos los marines, pulsa en el objeto arriba a la izquierda [1:Marine]. Después haz click derecho en una estructura sin construir para darles la orden de construir [2:Construct]	translated
Commander tutorial (old)	COMMANDER_TUT_RESEARCH_PHASE_TECH	Select your Observatory [1:Observatory] and click on Phase Tech [2:PhaseTech]	Selecciona tu Observatory [1:Observatory] y haz click en Phase Tech [2:PhaseTech]	translated
Commander tutorial (old)	COMMANDER_TUT_RESEARCH_WEAPON_ONE	Its about time to give your marine new toys to play with. Select your armory [1:Armory], and chose a weapon to research [2:ShotgunTech] [2:MinesTech] [2:GrenadeTech] 	Es hora de que les des a tus marines nuevos juguetes con los que jugar. Selecciona tu armory [1:Armory], y elige un arma para desbloquear [2:ShotgunTech] [2:MinesTech] [2:GrenadeTech]	translated
Commander tutorial (old)	COMMANDER_TUT_SELECT_DRIFTER	You can use your drifter not only to speed up construction time, but for abilities as well. Select the assist menu [1:AssistMenu], click on select drifter [2:SelectDrifter]	Puedes usar tu drifter no solo para mejorar tiempos de construcción, sino para habilidades también. Selecciona el menú de asistencia [1:AssistMenu], haz click en seleccionar drifter [2:SelectDrifter]	translated
Commander tutorial (old)	COMMANDER_TUT_UPGRADE_ARMORY	To unlock more powerful weapons, you need to select your Armory [1:Armory] and upgrade it [2:AdvancedArmoryUpgrade]. This will allow your marine to purchase Grenade Launchers [GrenadeLauncher] and Flame Throwers [Flamethrower]	Para mejorar armas más potentes, necesitas seleccionar la Armory [1:Armory] y mejorarla [2:AdvancedArmoryUpgrade]. Esto permitirá a tus marines comprar lanzagranadas [GrenadeLauncher] y lanzallamas [Flamethrower]	translated
Commander tutorial (old)	COMMANDER_TUT_UPGRADE_ARMOR_TWO	Don't forget that your Arms Lab provides multiple levels of armor upgrades. Select the Arms Lab [1:ArmsLab] and research armor level 2 [2:Armor2]	No te olvides de que tu Arms Lab te ofrece multiples niveles de mejoras de armadura. Selecciona el Arms Lab [1:ArmsLab] e investiga el nivel 2 de armadura [2:Armor2]	translated
Commander tutorial (old)	COMMANDER_TUT_UPGRADE_AT_ARMS_LAB	Select the Arms Lab [1:ArmsLab] and chose either weapons [2:Weapons1] or armor [2:Armor1] upgrade. Each category can be upgraded three times.	Selecciona el Arms Lab [1:ArmsLab] y elige entre mejorar armas [2:Weapons1] o armadura [2:Armor1]. Cada categoría se puede mejorar tres veces.	translated
Commander tutorial (old)	COMMANDER_TUT_UPGRADE_BIOMASS	Every hive can provide a maximum of 3 biomass. To increase the by one hive unlocked biomass, select it [1:Hive] and click on research biomass [2:ResearchBioMassOne]	Cada hive da hasta un máximo de 3 niveles de biomass. Para incrementar en uno el nivel de biomass, selecciona la hive [1:Hive] y haz click en añadir biomass [2:ResearchBioMassOne]	translated
Commander tutorial (old)	COMMANDER_TUT_UPGRADE_BIOMASS_TWO	Every hive can provide a maximum of 3 biomass. To increase the by one hive unlocked biomass, select it [1:Hive] and click on research biomass [2:ResearchBioMassTwo]	Cada hive da un máximo de 3 biomass. Para incrementar en uno el nivel de biomass, selecciona la hive [1:Hive] y haz click en añadir biomass [2:ResearchBioMassTwo]	translated
Commander tutorial (old)	COMMANDER_TUT_UPGRADE_GORGE	Every alien class has its own set of abilities. Not all of them are unlocked from the start. To upgrade the Gorge [Gorge] select your Hive [1:Hive] click at the lifeform evolutions menu [2:LifeFormMenu] followed by the Gorge menu [3:GorgeMenu] . Finally, click Bilebomb [4:BileBomb] to unlock the Bilebomb ability.	Cada clase alien tiene sus propias mejoras. No todas se pueden desbloquear desde el principio. Para mejorar el Gorge [Gorge] selecciona tu Hive [1:Hive] y pulsa el botón de evoluciones de aliens [2:LifeFormMenu] seguido del menú de Gorge [3:GorgeMenu]. Finalmente, pulsa Bilebomb [4:BileBomb] para desbloquear la habilidad Bilebomb.	translated
Commander tutorial (old)	COMMANDER_TUT_UPGRADE_HIVE	Your team needs upgrades. You first need to select the Hive [1:Hive] , then chose one of the three hive types [2:CragHive] [2:ShadeHive] [2:ShiftHive].	Tu equipo necesita mejoras. Primero haz click en la Hive [1:Hive] y después pulsa uno de los 3 tipos de Hive [2:CragHive] [2:ShadeHive] [2:ShiftHive].	translated
Commander tutorial (old)	COMMANDER_TUT_UPGRADE_JETPACK	Select the advanced armory [1:AdvancedArmory] and research Jetpacks [2:JetpackTech]	Selecciona el prototype lab [1:PrototypeLab] e investiga Jetpacks [2:JetpackTech]	translated
Commander tutorial (old)	COMMANDER_TUT_UPGRADE_WEAPON_TWO	Don't forget that your Arms Lab provides multiple levels of weapon upgrades. Select the Arms Lab [1:ArmsLab] and research weapons level 2 [2:Weapons2]	No te olvides que tu Arms Lab ofrece varios niveles de mejoras de armas. Selecciona el Arms Lab [1:ArmsLab] e investiga el nivel de armas 2 [2:Weapons2]	translated
Commander tutorial (old)	COMMANDER_TUT_VIEW_TECH	To see an overview of all technologies, click on the Tech Map icon [1:Research] next to the minimap on the bottom left of your screen.	Para ver el árbol tecnológico, pulsa el icono de árbol tecnológico [1:Research] al lado del minimapa en la esquina inferior izquierda de tu pantalla.	translated
Bronze tutorials	TUTORIAL_BRONZE_ALIEN_1	Welcome to the alien team.	Welcome to the alien team.	english
Bronze tutorials	TUTORIAL_BRONZE_ALIEN_2	This is the hive, defend it at all costs!  If all hives are destroyed, you lose!  Each round starts with a single hive, but the commander can place more as the round continues.	This is the hive, defend it at all costs!  If all hives are destroyed, you lose!  Each round starts with a single hive, but the commander can place more as the round continues.	english
Bronze tutorials	TUTORIAL_BRONZE_ALIEN_3	Dead players are reborn inside eggs, which are periodically dropped from the hive.	Dead players are reborn inside eggs, which are periodically dropped from the hive.	english
Bronze tutorials	TUTORIAL_BRONZE_ALIEN_4	You have just spawned as a skulk -- the starting lifeform for aliens.  The skulk has a vicious bite, and the ability to effortlessly walk along walls and ceilings.  Try it out now.	You have just spawned as a skulk -- the starting lifeform for aliens.  The skulk has a vicious bite, and the ability to effortlessly walk along walls and ceilings.  Try it out now.	english
Bronze tutorials	TUTORIAL_BRONZE_ALIEN_5	Good.  You can also force yourself to detach at any time by either moving away from the surface, or by pressing the detach key.  Try detaching from a wall now.	Good.  You can also force yourself to detach at any time by either moving away from the surface, or by pressing the detach key.  Try detaching from a wall now.	english
Bronze tutorials	TUTORIAL_BRONZE_ALIEN_6	You can also silence your footsteps as a skulk.	You can also silence your footsteps as a skulk.	english
Bronze tutorials	TUTORIAL_BRONZE_ALIEN_7	The commander needs more resources, but there is a marine preventing the commander from expanding their territory.  Kill him!	The commander needs more resources, but there is a marine preventing the commander from expanding their territory.  Kill him!	english
Bronze tutorials	TUTORIAL_BRONZE_ALIEN_8	That marine is at the end of a long hallway, and they are looking right at you.  You're never going to be able to close that distance fast enough before they kill you.	That marine is at the end of a long hallway, and they are looking right at you.  You're never going to be able to close that distance fast enough before they kill you.	english
Bronze tutorials	TUTORIAL_BRONZE_ALIEN_9	One thing we can do however, is mark them.	One thing we can do however, is mark them.	english
Bronze tutorials	TUTORIAL_BRONZE_ALIEN_10	The parasite is a ranged weapon that does a tiny amount of damage, but allows the entire team to see exactly where the marine is located, which is valuable intel.	The parasite is a ranged weapon that does a tiny amount of damage, but allows the entire team to see exactly where the marine is located, which is valuable intel.	english
Bronze tutorials	TUTORIAL_BRONZE_ALIEN_11	Switch to your parasite now.	Switch to your parasite now.	english
Bronze tutorials	TUTORIAL_BRONZE_ALIEN_12	Try peeking around the corner and parasiting that marine now.  Be quick about it and keep your distance!	Try peeking around the corner and parasiting that marine now.  Be quick about it and keep your distance!	english
Bronze tutorials	TUTORIAL_BRONZE_ALIEN_13	Good job, the marine is parasited.	Good job, the marine is parasited.	english
Bronze tutorials	TUTORIAL_BRONZE_ALIEN_14	Return to the hive to heal.	Return to the hive to heal.	english
Bronze tutorials	TUTORIAL_BRONZE_ALIEN_15	Oops, you died anyways.  No big deal.	Oops, you died anyways.  No big deal.	english
Bronze tutorials	TUTORIAL_BRONZE_ALIEN_16	Now we should take care of that marine.  They control the hallway, so we'll need to go around.  Open your map.	Now we should take care of that marine.  They control the hallway, so we'll need to go around.  Open your map.	english
Bronze tutorials	TUTORIAL_BRONZE_ALIEN_17	Some parts of the map are orange instead of grey.  These areas are called vents.  Notice that there is a vent connecting Pipeline to The Neck -- bypassing that long hallway.  Find the vent, and sneak through it.	Some parts of the map are orange instead of grey.  These areas are called vents.  Notice that there is a vent connecting Pipeline to The Neck -- bypassing that long hallway.  Find the vent, and sneak through it.	english
Bronze tutorials	TUTORIAL_BRONZE_ALIEN_18	The marine heard you.  Make sure you sneak, even while still inside the vent.  Sound travels very far.  A good marine will be able to hear you 1 to 2 rooms away.	The marine heard you.  Make sure you sneak, even while still inside the vent.  Sound travels very far.  A good marine will be able to hear you 1 to 2 rooms away.	english
Bronze tutorials	TUTORIAL_BRONZE_ALIEN_19	Good job!  Instead of having to return to the hive to heal, the commander has upgraded to a Crag Hive.  You now have access to 3 new alien traits.  Open your evolve menu.	Good job!  Instead of having to return to the hive to heal, the commander has upgraded to a Crag Hive.  You now have access to 3 new alien traits.  Open your evolve menu.	english
Bronze tutorials	TUTORIAL_BRONZE_ALIEN_20	Near the bottom, you can see the three traits the Crag Hive unlocked: vamparism, carapace, and regeneration.  Evolve regeneration now.	Near the bottom, you can see the three traits the Crag Hive unlocked: vamparism, carapace, and regeneration.  Evolve regeneration now.	english
Bronze tutorials	TUTORIAL_BRONZE_ALIEN_21	Great!  The skulk lifeform is able to upgrade traits for free, but other lifeforms will cost you personal resources.	Great!  The skulk lifeform is able to upgrade traits for free, but other lifeforms will cost you personal resources.	english
Bronze tutorials	TUTORIAL_BRONZE_ALIEN_22	The commander is going to attempt to capture the resource node in C-12.  Check your map to see where this is, and go there now.	The commander is going to attempt to capture the resource node in C-12.  Check your map to see where this is, and go there now.	english
Bronze tutorials	TUTORIAL_BRONZE_ALIEN_23	The room appears to be clear, so it's safe to drop the Harvester.	The room appears to be clear, so it's safe to drop the Harvester.	english
Bronze tutorials	TUTORIAL_BRONZE_ALIEN_24	The harvester is very vulnerable right now, and will not generate resources until it is completed.  It will build very slowly on its own, so the commander is hatching a drifter to help it along.	The harvester is very vulnerable right now, and will not generate resources until it is completed.  It will build very slowly on its own, so the commander is hatching a drifter to help it along.	english
Bronze tutorials	TUTORIAL_BRONZE_ALIEN_25	Drifters are servants of the Commander.  They build structures, cast abilities, and cost a good amount of resources.	Drifters are servants of the Commander.  They build structures, cast abilities, and cost a good amount of resources.	english
Bronze tutorials	TUTORIAL_BRONZE_ALIEN_26	A marine is nearby!  Set up an ambush in case they decide to attack.  Try waiting on the wall above the entrance.	A marine is nearby!  Set up an ambush in case they decide to attack.  Try waiting on the wall above the entrance.	english
Bronze tutorials	TUTORIAL_BRONZE_ALIEN_27	Good work defending the harvester!  The commander has moved a Crag into the room to heal the harvester.  Crags heals all alien structures and lifeforms in a large radius.  Stand near the crag to heal now.	Good work defending the harvester!  The commander has moved a Crag into the room to heal the harvester.  Crags heals all alien structures and lifeforms in a large radius.  Stand near the crag to heal now.	english
Bronze tutorials	TUTORIAL_BRONZE_ALIEN_28	It won't heal you as fast as a hive or gorge would, but it's still very useful to have nearby.	It won't heal you as fast as a hive or gorge would, but it's still very useful to have nearby.	english
Bronze tutorials	TUTORIAL_BRONZE_ALIEN_29	The harvester has finished building.  Now we have resources flowing in much faster!	The harvester has finished building.  Now we have resources flowing in much faster!	english
Bronze tutorials	TUTORIAL_BRONZE_ALIEN_30	It sounds like there are some Marines nearby, building something.  Use the vent in this room to assess the situation.	It sounds like there are some Marines nearby, building something.  Use the vent in this room to assess the situation.	english
Bronze tutorials	TUTORIAL_BRONZE_ALIEN_31	The Marines have just built a phase gate!  This will allow them to reinforce this position instantly.  We should destroy it as soon as possible, but there are far too many Marines here now.  We will need to draw them away.	The Marines have just built a phase gate!  This will allow them to reinforce this position instantly.  We should destroy it as soon as possible, but there are far too many Marines here now.  We will need to draw them away.	english
Bronze tutorials	TUTORIAL_BRONZE_ALIEN_32	If we attack something else, that will force some of them to go back to defend, weakening their forward position.	If we attack something else, that will force some of them to go back to defend, weakening their forward position.	english
Bronze tutorials	TUTORIAL_BRONZE_ALIEN_33	Destroy that Extractor!	Destroy that Extractor!	english
Bronze tutorials	TUTORIAL_BRONZE_ALIEN_34	Good work!  It's okay that you died, because you've drawn them away from the Phase Gate, making it a vulnerable target.	Good work!  It's okay that you died, because you've drawn them away from the Phase Gate, making it a vulnerable target.	english
Bronze tutorials	TUTORIAL_BRONZE_ALIEN_35	You have enough personal resources to evolve to a higher lifeform.	You have enough personal resources to evolve to a higher lifeform.	english
Bronze tutorials	TUTORIAL_BRONZE_ALIEN_36	Select the Onos.  It is the most expensive lifeform, but also the most devastating.	Select the Onos.  It is the most expensive lifeform, but also the most devastating.	english
Bronze tutorials	TUTORIAL_BRONZE_ALIEN_37	Request a nutrient mist to make yourself evolve faster.	Request a nutrient mist to make yourself evolve faster.	english
Bronze tutorials	TUTORIAL_BRONZE_ALIEN_38	These Gorges will follow you into battle, healing you when you take damage.  Let's go destroy that phase gate now!	These Gorges will follow you into battle, healing you when you take damage.  Let's go destroy that phase gate now!	english
Bronze tutorials	TUTORIAL_BRONZE_ALIEN_39	Charge at that marine!	Charge at that marine!	english
Bronze tutorials	TUTORIAL_BRONZE_ALIEN_40	Destroy it all!	Destroy it all!	english
Bronze tutorials	TUTORIAL_BRONZE_ALIEN_41	That'll teach those filthy oxygen-breathers!  With their forward position removed, it's time to hit their main base.	That'll teach those filthy oxygen-breathers!  With their forward position removed, it's time to hit their main base.	english
Bronze tutorials	TUTORIAL_BRONZE_ALIEN_42	The gorges are building a tunnel.  Tunnels allow fast travel between two distant positions on the map.	The gorges are building a tunnel.  Tunnels allow fast travel between two distant positions on the map.	english
Bronze tutorials	TUTORIAL_BRONZE_ALIEN_43	The tunnel is open!  Stand on it to enter.	The tunnel is open!  Stand on it to enter.	english
Bronze tutorials	TUTORIAL_BRONZE_ALIEN_44	There's the marine base.  Destroy it!	There's the marine base.  Destroy it!	english
Bronze tutorials	TUTORIAL_BRONZE_ALIEN_45	Destroy the infantry portals to stop them from respawning!	Destroy the infantry portals to stop them from respawning!	english
Bronze tutorials	TUTORIAL_BRONZE_ALIEN_46	Now finish off the Command Station to end the game!	Now finish off the Command Station to end the game!	english
Bronze tutorials	TUTORIAL_BRONZE_ALIEN_47	Excellent job!  That was the only command station the marines had.  Therefore...	Excellent job!  That was the only command station the marines had.  Therefore...	english
Bronze tutorials	TUTORIAL_BRONZE_ALIEN_48	Heads up!  Some of the marines are leaving the phase gate to come defend this position.	Heads up!  Some of the marines are leaving the phase gate to come defend this position.	english
Bronze tutorials	TUTORIAL_BRONZE_ALIEN_49	Try using stomp against groups of marines.	Try using stomp against groups of marines.	english
Bronze tutorials	TUTORIAL_BRONZE_ALIEN_50	Destroy the power node in this room.  The darkness will make it easier to defend.	Destroy the power node in this room.  The darkness will make it easier to defend.	english
Bronze tutorials	TUTORIAL_BRONZE_ALIEN_EGG_1	Don't worry about killing the marine yet; just parasite them and move on.	Don't worry about killing the marine yet; just parasite them and move on.	english
Bronze tutorials	TUTORIAL_BRONZE_ALIEN_EGG_2	You can parasite the marine from afar -- there is no need to get closer.	You can parasite the marine from afar -- there is no need to get closer.	english
Bronze tutorials	TUTORIAL_BRONZE_ALIEN_EGG_3	The parasite is a ranged weapon.  Stop running towards the marine.	The parasite is a ranged weapon.  Stop running towards the marine.	english
Bronze tutorials	TUTORIAL_BRONZE_ALIEN_EGG_4	Stop it!  That's not helping.	Stop it!  That's not helping.	english
Bronze tutorials	TUTORIAL_BRONZE_ALIEN_EGG_5	They're never going to miss.  Try a different strategy.	They're never going to miss.  Try a different strategy.	english
Bronze tutorials	TUTORIAL_BRONZE_ALIEN_EGG_6	I don't know how much more plainly I can say this: STOP RUNNING AT THE MARINE.	I don't know how much more plainly I can say this: STOP RUNNING AT THE MARINE.	english
Bronze tutorials	TUTORIAL_BRONZE_ALIEN_EGG_7	Am I- am I muted, or something?	Am I- am I muted, or something?	english
Bronze tutorials	TUTORIAL_BRONZE_ALIEN_EGG_8	Why do you keep doing this?	Why do you keep doing this?	english
Bronze tutorials	TUTORIAL_BRONZE_ALIEN_EGG_9	I'm having trouble grasping where the fun of this is coming from.	I'm having trouble grasping where the fun of this is coming from.	english
Bronze tutorials	TUTORIAL_BRONZE_ALIEN_EGG_10	You're not only wasting your time, you're wasting MY time.	You're not only wasting your time, you're wasting MY time.	english
Bronze tutorials	TUTORIAL_BRONZE_ALIEN_EGG_11	Oh wait, no you're not wasting my time!  These are pre-recorded messages.	Oh wait, no you're not wasting my time!  These are pre-recorded messages.	english
Bronze tutorials	TUTORIAL_BRONZE_ALIEN_EGG_12	Seriously, I don't know what you think you're accomplishing here.	Seriously, I don't know what you think you're accomplishing here.	english
Bronze tutorials	TUTORIAL_BRONZE_ALIEN_EGG_13	I can wait just as long as you can, I am a very patient man.	I can wait just as long as you can, I am a very patient man.	english
Bronze tutorials	TUTORIAL_BRONZE_ALIEN_EGG_14	*Pages rustling, coffee slurping*	*Pages rustling, coffee slurping*	english
Bronze tutorials	TUTORIAL_BRONZE_ALIEN_EGG_15	Uh, by the way, that marine is never ever going to run out of bullets.	Uh, by the way, that marine is never ever going to run out of bullets.	english
Bronze tutorials	TUTORIAL_BRONZE_ALIEN_EGG_16	Try jumping along the wall to give yourself a speed boost.	Try jumping along the wall to give yourself a speed boost.	english
Bronze tutorials	TUTORIAL_BRONZE_ALIEN_EGG_17	Oh I didn't meant to imply that would help.  But it did speed things up, now didn't it?	Oh I didn't meant to imply that would help.  But it did speed things up, now didn't it?	english
Bronze tutorials	TUTORIAL_BRONZE_ALIEN_EGG_18	Oh I think you almost got him that time!	Oh I think you almost got him that time!	english
Bronze tutorials	TUTORIAL_BRONZE_ALIEN_EGG_19	Are you being forced to do this against your will?	Are you being forced to do this against your will?	english
Bronze tutorials	TUTORIAL_BRONZE_ALIEN_EGG_20	If you are, just continue doing what you're doing, and I'll call the police.	If you are, just continue doing what you're doing, and I'll call the police.	english
Bronze tutorials	TUTORIAL_BRONZE_ALIEN_EGG_21	Yes, hi.  I'm recording- yes I'm recording voiceovers for a video game, and one of the players who will be playing this is being held hostage, I suspect.	Yes, hi.  I'm recording- yes I'm recording voiceovers for a video game, and one of the players who will be playing this is being held hostage, I suspect.	english
Bronze tutorials	TUTORIAL_BRONZE_ALIEN_EGG_22	Um, I guess I mean \"will be held hostage\" in the future-tense, as they- what?  Oh no everything's fine right now.	Um, I guess I mean \"will be held hostage\" in the future-tense, as they- what?  Oh no everything's fine right now.	english
Bronze tutorials	TUTORIAL_BRONZE_ALIEN_EGG_23	No, what I'm saying is that there's a player who hypothetically will be playing this in the future who refuses to complete the tutorial, and I suspect they are being held against their will.	No, what I'm saying is that there's a player who hypothetically will be playing this in the future who refuses to complete the tutorial, and I suspect they are being held against their will.	english
Bronze tutorials	TUTORIAL_BRONZE_ALIEN_EGG_24	No I don't have an address.  I don't know anything is taking place for-sure.  I- hello?  Hello?	No I don't have an address.  I don't know anything is taking place for-sure.  I- hello?  Hello?	english
Bronze tutorials	TUTORIAL_BRONZE_ALIEN_EGG_25	Hi I think we got disconnected earlier.  I was the guy calling about the hostage situation that may or may not occur in the future sometime, at an undisclosed- Hello?	Hi I think we got disconnected earlier.  I was the guy calling about the hostage situation that may or may not occur in the future sometime, at an undisclosed- Hello?	english
Bronze tutorials	TUTORIAL_BRONZE_ALIEN_EGG_26	Darn phone lines must be down.  Wow... you're still going at it aren't you?	Darn phone lines must be down.  Wow... you're still going at it aren't you?	english
Bronze tutorials	TUTORIAL_BRONZE_ALIEN_EGG_27	You're persistent, I'll give you that!	You're persistent, I'll give you that!	english
Bronze tutorials	TUTORIAL_BRONZE_ALIEN_EGG_28	Alright, for all your troubles, I'm happy to award you this... special... achievement.  Just, go away...	Alright, for all your troubles, I'm happy to award you this... special... achievement.  Just, go away...	english
Bronze tutorials	TUTORIAL_BRONZE_MARINE_1	Welcome to the Marine team, soldier!  As a marine, your primary concern is to protect this structure: the Command Station.	Welcome to the Marine team, soldier!  As a marine, your primary concern is to protect this structure: the Command Station.	english
Bronze tutorials	TUTORIAL_BRONZE_MARINE_2	The marine commander sits inside this structure, coordinating the team from an eagle-eye view.	The marine commander sits inside this structure, coordinating the team from an eagle-eye view.	english
Bronze tutorials	TUTORIAL_BRONZE_MARINE_3	And this is an infantry portal.  This is where marines are 3d-printed back into existence.  Without these vitally important structures, your team cannot respawn.	And this is an infantry portal.  This is where marines are 3d-printed back into existence.  Without these vitally important structures, your team cannot respawn.	english
Bronze tutorials	TUTORIAL_BRONZE_MARINE_4	Marines spawn with a rifle, a pistol, and an axe.  Try switching to them now.	Marines spawn with a rifle, a pistol, and an axe.  Try switching to them now.	english
Bronze tutorials	TUTORIAL_BRONZE_MARINE_5	The commander has dropped an armory blueprint.  The commander can place buildings, but they require ground troops like you to actually build the structure.  Approach the blueprint, and build the armory with your 'use' key.	The commander has dropped an armory blueprint.  The commander can place buildings, but they require ground troops like you to actually build the structure.  Approach the blueprint, and build the armory with your 'use' key.	english
Bronze tutorials	TUTORIAL_BRONZE_MARINE_6	Good.  Now you have a place to heal, as well as buy any new weapons that the commander unlocks.  One of our base structures needs repairing.  Buy a welder from the armory.	Good.  Now you have a place to heal, as well as buy any new weapons that the commander unlocks.  One of our base structures needs repairing.  Buy a welder from the armory.	english
Bronze tutorials	TUTORIAL_BRONZE_MARINE_7	Now you can repair the observatory.	Now you can repair the observatory.	english
Bronze tutorials	TUTORIAL_BRONZE_MARINE_8	The observatory is a valuable structure that allows you to detect enemies through walls in a large radius.	The observatory is a valuable structure that allows you to detect enemies through walls in a large radius.	english
Bronze tutorials	TUTORIAL_BRONZE_MARINE_9	Good work.  The commander would like to unlock more weapons for the team, but needs more resources to do so.  To get resources faster, we need more resource extractors, but extractors can only be built on resource nodes, and this room only has the one.	Good work.  The commander would like to unlock more weapons for the team, but needs more resources to do so.  To get resources faster, we need more resource extractors, but extractors can only be built on resource nodes, and this room only has the one.	english
Bronze tutorials	TUTORIAL_BRONZE_MARINE_10	We will build our second extractor in Cafeteria.  Open your map to find Cafeteria.	We will build our second extractor in Cafeteria.  Open your map to find Cafeteria.	english
Bronze tutorials	TUTORIAL_BRONZE_MARINE_11	The map is an invaluable tool for both marines and aliens.  Refer to it often.  Make your way to Cafeteria now.	The map is an invaluable tool for both marines and aliens.  Refer to it often.  Make your way to Cafeteria now.	english
Bronze tutorials	TUTORIAL_BRONZE_MARINE_12	You've just been parasited!  Notice the yellow icon in the corner, and the bugs crawling over your weapon.  Every alien in the game can now see exactly where you are -- even through walls!  Unfortunately, there's no way to get rid of a parasite except to simply wait it out.	You've just been parasited!  Notice the yellow icon in the corner, and the bugs crawling over your weapon.  Every alien in the game can now see exactly where you are -- even through walls!  Unfortunately, there's no way to get rid of a parasite except to simply wait it out.	english
Bronze tutorials	TUTORIAL_BRONZE_MARINE_13	The commander has scanned the area.  There's the alien that parasited you.  Kill it!	The commander has scanned the area.  There's the alien that parasited you.  Kill it!	english
Bronze tutorials	TUTORIAL_BRONZE_MARINE_14	Good work, but you've been injured.  Request a medpack from the commander to heal yourself.	Good work, but you've been injured.  Request a medpack from the commander to heal yourself.	english
Bronze tutorials	TUTORIAL_BRONZE_MARINE_15	There.  You've been healed, and the commander spent one resource to do so.  You can also request an ammo pack to resupply yourself.  Do this now.	There.  You've been healed, and the commander spent one resource to do so.  You can also request an ammo pack to resupply yourself.  Do this now.	english
Bronze tutorials	TUTORIAL_BRONZE_MARINE_16	Good.  The commander spent another resource to give you that ammo.  Now, go secure the resource node in Cafeteria to ensure they can afford to continue to support you.	Good.  The commander spent another resource to give you that ammo.  Now, go secure the resource node in Cafeteria to ensure they can afford to continue to support you.	english
Bronze tutorials	TUTORIAL_BRONZE_MARINE_17	There is a tunnel here, and it's open!  Aliens will use this structure to bring in reinforcements.  Destroy it quickly!	There is a tunnel here, and it's open!  Aliens will use this structure to bring in reinforcements.  Destroy it quickly!	english
Bronze tutorials	TUTORIAL_BRONZE_MARINE_18	Attack the tunnel first!  We can destroy the harvester once we've secured the room.	Attack the tunnel first!  We can destroy the harvester once we've secured the room.	english
Bronze tutorials	TUTORIAL_BRONZE_MARINE_19	Good work.  Aliens no longer have a fast route to this location.  Now finish off the harvester.	Good work.  Aliens no longer have a fast route to this location.  Now finish off the harvester.	english
Bronze tutorials	TUTORIAL_BRONZE_MARINE_20	Notice the green infestation on the floor is receding.  Infestation is spread by cysts and gorge tunnels.  Without infestation covering the ground, this harvester will slowly die on its own anyways, but we can help it along.	Notice the green infestation on the floor is receding.  Infestation is spread by cysts and gorge tunnels.  Without infestation covering the ground, this harvester will slowly die on its own anyways, but we can help it along.	english
Bronze tutorials	TUTORIAL_BRONZE_MARINE_21	Now we can take possession of these resources for ourselves.  The first step is to build the powernode in this room, located on the north wall.	Now we can take possession of these resources for ourselves.  The first step is to build the powernode in this room, located on the north wall.	english
Bronze tutorials	TUTORIAL_BRONZE_MARINE_22	Now we can build that extractor.	Now we can build that extractor.	english
Bronze tutorials	TUTORIAL_BRONZE_MARINE_23	We now have resources flowing in twice as fast as before.	We now have resources flowing in twice as fast as before.	english
Bronze tutorials	TUTORIAL_BRONZE_MARINE_24	Base is under attack!  Prepare to be beaconed home!	Base is under attack!  Prepare to be beaconed home!	english
Bronze tutorials	TUTORIAL_BRONZE_MARINE_25	Good thing we fixed up that observatory!  It not only reveals nearby enemies, but can also recall all foot soldiers back to home base, as you've just seen.  Refill your health and ammo at the armory.	Good thing we fixed up that observatory!  It not only reveals nearby enemies, but can also recall all foot soldiers back to home base, as you've just seen.  Refill your health and ammo at the armory.	english
Bronze tutorials	TUTORIAL_BRONZE_MARINE_26	Shotguns have just been researched.  Buy one at the armory now.	Shotguns have just been researched.  Buy one at the armory now.	english
Bronze tutorials	TUTORIAL_BRONZE_MARINE_27	Unfortunately, even with the extra resources, you still cannot afford a shotgun.  Luckily, the commander is feeling extra generous today.	Unfortunately, even with the extra resources, you still cannot afford a shotgun.  Luckily, the commander is feeling extra generous today.	english
Bronze tutorials	TUTORIAL_BRONZE_MARINE_28	A shotgun has been dropped near the armory.  Pick it up.	A shotgun has been dropped near the armory.  Pick it up.	english
Bronze tutorials	TUTORIAL_BRONZE_MARINE_29	Now we've got some serious close-range firepower.  And good timing, the observatory has detected an enemy; check your map.  Go try out your new shotgun!	Now we've got some serious close-range firepower.  And good timing, the observatory has detected an enemy; check your map.  Go try out your new shotgun!	english
Bronze tutorials	TUTORIAL_BRONZE_MARINE_30	The aliens have an onos!  Luckily, we have some additional firepower now, and we can use it to assault the hive.	The aliens have an onos!  Luckily, we have some additional firepower now, and we can use it to assault the hive.	english
Bronze tutorials	TUTORIAL_BRONZE_MARINE_31	Find the prototype lab in base -- the tall, thin structure -- and buy an exosuit.	Find the prototype lab in base -- the tall, thin structure -- and buy an exosuit.	english
Bronze tutorials	TUTORIAL_BRONZE_MARINE_32	Nice!  But two miniguns would be better than one, wouldn't you agree?  Go to the prototype lab again and upgrade the metal claw to another gun!	Nice!  But two miniguns would be better than one, wouldn't you agree?  Go to the prototype lab again and upgrade the metal claw to another gun!	english
Bronze tutorials	TUTORIAL_BRONZE_MARINE_33	Awesome, let's go wreck some aliens!  Move towards the room called 'Departures' on your map.  Your teammates will assist you on foot.	Awesome, let's go wreck some aliens!  Move towards the room called 'Departures' on your map.  Your teammates will assist you on foot.	english
Bronze tutorials	TUTORIAL_BRONZE_MARINE_34	Hold still and let your teammates repair you.	Hold still and let your teammates repair you.	english
Bronze tutorials	TUTORIAL_BRONZE_MARINE_35	Good as new!  Now go assault the nearby hive with your teammates.	Good as new!  Now go assault the nearby hive with your teammates.	english
Bronze tutorials	TUTORIAL_BRONZE_MARINE_36	There's the hive!  Destroy it!	There's the hive!  Destroy it!	english
Bronze tutorials	TUTORIAL_BRONZE_MARINE_37	You've just killed the last hive, and without hives, aliens cannot respawn.  Therefore...	You've just killed the last hive, and without hives, aliens cannot respawn.  Therefore...	english
Bronze tutorials	TUTORIAL_BRONZE_MARINE_EGG_1	Sorry, you're not getting away that easily.	Sorry, you're not getting away that easily.	english
Bronze tutorials	TUTORIAL_BRONZE_MARINE_EGG_2	Stop it.	Stop it.	english
Bronze tutorials	TUTORIAL_BRONZE_MARINE_EGG_3	Cut it out.	Cut it out.	english
Bronze tutorials	TUTORIAL_BRONZE_MARINE_EGG_4	Are you really that desperate to get out of doing the tutorial?	Are you really that desperate to get out of doing the tutorial?	english
Bronze tutorials	TUTORIAL_BRONZE_MARINE_EGG_5	With all the time you've wasted, you could have just done the darned thing by now!	With all the time you've wasted, you could have just done the darned thing by now!	english
Bronze tutorials	TUTORIAL_BRONZE_MARINE_EGG_6	If you keep trying to kill yourself, we won't let you play NS3.	If you keep trying to kill yourself, we won't let you play NS3.	english
Bronze tutorials	TUTORIAL_BRONZE_MARINE_EGG_7	I'm warning you.	I'm warning you.	english
Bronze tutorials	TUTORIAL_BRONZE_MARINE_EGG_8	Alright that's it.  We've made note of your steam id, and we're not letting you play NS3... EVER.	Alright that's it.  We've made note of your steam id, and we're not letting you play NS3... EVER.	english
Bronze tutorials	TUTORIAL_BRONZE_MARINE_EGG_9	It's a shame too.  Hypothetically speaking, if there WERE an NS3, and we WERE already heavily into development on it... it WOULD be looking pretty amazing.	It's a shame too.  Hypothetically speaking, if there WERE an NS3, and we WERE already heavily into development on it... it WOULD be looking pretty amazing.	english
Bronze tutorials	TUTORIAL_BRONZE_MARINE_EGG_10	All the new alien lifeforms are incredible, and all the new marine weapons are amazing.	All the new alien lifeforms are incredible, and all the new marine weapons are amazing.	english
Bronze tutorials	TUTORIAL_BRONZE_MARINE_EGG_11	We've even added in a third playable team... hypothetically speaking of course.	We've even added in a third playable team... hypothetically speaking of course.	english
Bronze tutorials	TUTORIAL_BRONZE_MARINE_EGG_12	Too bad you won't ever be able to see it.	Too bad you won't ever be able to see it.	english
Bronze tutorials	TUTORIAL_BRONZE_MARINE_EGG_13	Yup too bad...	Yup too bad...	english
Bronze tutorials	TUTORIAL_BRONZE_MARINE_EGG_14	Why are you still doing this?	Why are you still doing this?	english
Bronze tutorials	TUTORIAL_BRONZE_MARINE_EGG_15	Why?	Why?	english
Bronze tutorials	TUTORIAL_BRONZE_MARINE_EGG_16	Seriously, the novelty of this is wearing off real fast.	Seriously, the novelty of this is wearing off real fast.	english
Bronze tutorials	TUTORIAL_BRONZE_MARINE_EGG_17	Are you really that bored?	Are you really that bored?	english
Bronze tutorials	TUTORIAL_BRONZE_MARINE_EGG_18	What is it you want, exactly?	What is it you want, exactly?	english
Bronze tutorials	TUTORIAL_BRONZE_MARINE_EGG_19	If I give you an achievement will you go away?	If I give you an achievement will you go away?	english
Bronze tutorials	TUTORIAL_BRONZE_MARINE_EGG_20	There.  There's your damned achievement.  Leave me alone!	There.  There's your damned achievement.  Leave me alone!	english
Bronze tutorials	TUTORIAL_BRONZE_MARINE_EGG_21	Seriously, that's all there is here... you can stop now.	Seriously, that's all there is here... you can stop now.	english
Bronze tutorials	TUTORIAL_BRONZE_MARINE_EGG_22	Alright I um... I won't keep you... uh... bye... I guess...	Alright I um... I won't keep you... uh... bye... I guess...	english
Silver tutorials	TUTORIAL_SILVER_ASSIST_MENU_TAB	Assistance tab	Assistance tab	english
Silver tutorials	TUTORIAL_SILVER_BUILD_ADVANCED_MENU_TAB	Advanced menu tab	Advanced menu tab	english
Silver tutorials	TUTORIAL_SILVER_BUILD_ARMORY	Build armory	Build armory	english
Silver tutorials	TUTORIAL_SILVER_BUILD_ARC	Build ARC	Build ARC	english
Silver tutorials	TUTORIAL_SILVER_BUILD_ARMS_LAB	Build arms lab	Build arms lab	english
Silver tutorials	TUTORIAL_SILVER_BUILD_EXTRACTOR	Build extractor	Build extractor	english
Silver tutorials	TUTORIAL_SILVER_BUILD_MENU_TAB	Build menu tab	Build menu tab	english
Silver tutorials	TUTORIAL_SILVER_BUILD_OBSERVATORY	Build observatory	Build observatory	english
Silver tutorials	TUTORIAL_SILVER_BUILD_PHASE_GATE	Build phase gate	Build phase gate	english
Silver tutorials	TUTORIAL_SILVER_BUILD_ROBOTICS_FACTORY	Build robotics factory	Build robotics factory	english
Silver tutorials	TUTORIAL_SILVER_COMMANDER_ALERT_JUMP	Jump to alert	Jump to alert	english
Silver tutorials	TUTORIAL_SILVER_COMMANDER_ALIEN_1	Welcome back to the alien team, commander.	Welcome back to the alien team, commander.	english
Silver tutorials	TUTORIAL_SILVER_COMMANDER_ALIEN_2	As commander, one of your top priorities is to ensure a steady flow of resources.  There are two resource nodes reasonably close to our starting hive.  These are sometimes referred to as \"natural expansions\" or \"naturals\".	As commander, one of your top priorities is to ensure a steady flow of resources.  There are two resource nodes reasonably close to our starting hive.  These are sometimes referred to as \"natural expansions\" or \"naturals\".	english
Silver tutorials	TUTORIAL_SILVER_COMMANDER_ALIEN_3	Before we can place a harvester on these resource nodes, we need to cover them with infestation.  We can create infestation by placing cysts.  Try placing a cyst near the resource node in Gravity Control now.	Before we can place a harvester on these resource nodes, we need to cover them with infestation.  We can create infestation by placing cysts.  Try placing a cyst near the resource node in Gravity Control now.	english
Silver tutorials	TUTORIAL_SILVER_COMMANDER_ALIEN_4	Notice that placing the cyst near the resource node also created other cysts between here and the hive, completing the connection.	Notice that placing the cyst near the resource node also created other cysts between here and the hive, completing the connection.	english
Silver tutorials	TUTORIAL_SILVER_COMMANDER_ALIEN_5	It will take a few moments before this \"cyst chain\" is fully built and spreading infestation.  While we wait, build another chain of cysts leading up to the other natural expansion, in Plaza.	It will take a few moments before this \"cyst chain\" is fully built and spreading infestation.  While we wait, build another chain of cysts leading up to the other natural expansion, in Plaza.	english
Silver tutorials	TUTORIAL_SILVER_COMMANDER_ALIEN_6	While we wait for the infestation to spread, we should choose an upgrade path for our hive.  There are 3 upgrade paths to choose from: Crag, Shade, and Shift.  Crag favors toughness and survivability; Shade favors stealth and deception; and Shift favors speed and evasion.  Select the hive and upgrade it to a Shift hive.	While we wait for the infestation to spread, we should choose an upgrade path for our hive.  There are 3 upgrade paths to choose from: Crag, Shade, and Shift.  Crag favors toughness and survivability; Shade favors stealth and deception; and Shift favors speed and evasion.  Select the hive and upgrade it to a Shift hive.	english
Silver tutorials	TUTORIAL_SILVER_COMMANDER_ALIEN_7	The cysts in Gravity Control have finished building and are now spreading their infestation.  Spawn a harvester in Gravity Control.	The cysts in Gravity Control have finished building and are now spreading their infestation.  Spawn a harvester in Gravity Control.	english
Silver tutorials	TUTORIAL_SILVER_COMMANDER_ALIEN_8	The harvester will build very slowly, but can be sped up by a drifter.  Spawn a drifter in Gravity Control.	The harvester will build very slowly, but can be sped up by a drifter.  Spawn a drifter in Gravity Control.	english
Silver tutorials	TUTORIAL_SILVER_COMMANDER_ALIEN_9	The gorge in the east has placed a gorge tunnel, connecting it to the main base.	The gorge in the east has placed a gorge tunnel, connecting it to the main base.	english
Silver tutorials	TUTORIAL_SILVER_COMMANDER_ALIEN_10	Like cysts, gorge tunnels create infestation when fully built.  Since the tunnel was placed near a resource node, we can place a harvester there.	Like cysts, gorge tunnels create infestation when fully built.  Since the tunnel was placed near a resource node, we can place a harvester there.	english
Silver tutorials	TUTORIAL_SILVER_COMMANDER_ALIEN_11	Notice how much faster this harvester is being built.  Gorges build much faster than drifters.	Notice how much faster this harvester is being built.  Gorges build much faster than drifters.	english
Silver tutorials	TUTORIAL_SILVER_COMMANDER_ALIEN_12	This gorge tunnel is in a critical location on the map, and therefore we should do everything we can to help our team hold this territory.  Build a Crag on the infestation near the gorge tunnel.	This gorge tunnel is in a critical location on the map, and therefore we should do everything we can to help our team hold this territory.  Build a Crag on the infestation near the gorge tunnel.	english
Silver tutorials	TUTORIAL_SILVER_COMMANDER_ALIEN_13	Crags are a type of support structure that heal nearby aliens and structures.  Also, don't let the name throw you: despite upgrading our hive to a Shift hive, we are still able to build the other two types of support structures.	Crags are a type of support structure that heal nearby aliens and structures.  Also, don't let the name throw you: despite upgrading our hive to a Shift hive, we are still able to build the other two types of support structures.	english
Silver tutorials	TUTORIAL_SILVER_COMMANDER_ALIEN_14	This room is secure for the time being.  The harvester in Gravity Control has also finished building.  We should move our drifter back to home base now, as drifters are valuable targets for marines.	This room is secure for the time being.  The harvester in Gravity Control has also finished building.  We should move our drifter back to home base now, as drifters are valuable targets for marines.	english
Silver tutorials	TUTORIAL_SILVER_COMMANDER_ALIEN_15	Order the drifter to move into the glowing circle in Launch Control.	Order the drifter to move into the glowing circle in Launch Control.	english
Silver tutorials	TUTORIAL_SILVER_COMMANDER_ALIEN_16	Our hive has finished upgrading, and is now a Shift hive.  Now we can make our teammates more effective by placing upgrade structures, called \"Spurs\".	Our hive has finished upgrading, and is now a Shift hive.  Now we can make our teammates more effective by placing upgrade structures, called \"Spurs\".	english
Silver tutorials	TUTORIAL_SILVER_COMMANDER_ALIEN_17	Upgrades are valuable structures, and therefore should be placed somewhere safe.  Place a Spur in Launch Control now.	Upgrades are valuable structures, and therefore should be placed somewhere safe.  Place a Spur in Launch Control now.	english
Silver tutorials	TUTORIAL_SILVER_COMMANDER_ALIEN_18	Three of each type of upgrade are required for maximum effect.  For example, with only this one spur, our forces will only be receiving about one third of the potential speed-boost.	Three of each type of upgrade are required for maximum effect.  For example, with only this one spur, our forces will only be receiving about one third of the potential speed-boost.	english
Silver tutorials	TUTORIAL_SILVER_COMMANDER_ALIEN_19	Hydroanalysis is being attacked!	Hydroanalysis is being attacked!	english
Silver tutorials	TUTORIAL_SILVER_COMMANDER_ALIEN_20	It's a good thing we built a Crag here.  It enables our forces to heal on the front lines, rather than having to return to the hive.  We should claim the resource node in Plaza now, but let's make things a little more interesting.	It's a good thing we built a Crag here.  It enables our forces to heal on the front lines, rather than having to return to the hive.  We should claim the resource node in Plaza now, but let's make things a little more interesting.	english
Silver tutorials	TUTORIAL_SILVER_COMMANDER_ALIEN_21	Since we chose the Shift upgrade path, we have the ability to \"Echo\" structures.  This is performed by the \"Shift\" support structure.  Build a Shift in main base, near the resource node.	Since we chose the Shift upgrade path, we have the ability to \"Echo\" structures.  This is performed by the \"Shift\" support structure.  Build a Shift in main base, near the resource node.	english
Silver tutorials	TUTORIAL_SILVER_COMMANDER_ALIEN_22	The \"Echo\" ability allows alien structures to be moved from one infested location to another, at a cost.  We can use this to move the tough, fully-built harvester from our main base, to Plaza.	The \"Echo\" ability allows alien structures to be moved from one infested location to another, at a cost.  We can use this to move the tough, fully-built harvester from our main base, to Plaza.	english
Silver tutorials	TUTORIAL_SILVER_COMMANDER_ALIEN_23	Select the Shift, and echo the Harvester to Plaza.	Select the Shift, and echo the Harvester to Plaza.	english
Silver tutorials	TUTORIAL_SILVER_COMMANDER_ALIEN_24	Good.  Now we can place a new harvester in main base, where it can grow and fully mature with much less risk than if we had placed it further away.	Good.  Now we can place a new harvester in main base, where it can grow and fully mature with much less risk than if we had placed it further away.	english
Silver tutorials	TUTORIAL_SILVER_COMMANDER_ALIEN_25	Gravity Control is under attack!	Gravity Control is under attack!	english
Silver tutorials	TUTORIAL_SILVER_COMMANDER_ALIEN_26	There are some marines attacking our harvester!  We can't see them because we don't have anything in the room that can see them.  Harvesters, like all alien structures, are blind.	There are some marines attacking our harvester!  We can't see them because we don't have anything in the room that can see them.  Harvesters, like all alien structures, are blind.	english
Silver tutorials	TUTORIAL_SILVER_COMMANDER_ALIEN_27	The marines in Gravity Control killed the cysts that were providing infestation to the harvester.  If we don't rebuild them fast enough, the harvester will starve to death.  Place a new cyst near the harvester now.	The marines in Gravity Control killed the cysts that were providing infestation to the harvester.  If we don't rebuild them fast enough, the harvester will starve to death.  Place a new cyst near the harvester now.	english
Silver tutorials	TUTORIAL_SILVER_COMMANDER_ALIEN_28	It will take a moment before the infestation is providing nutrients to this structure again.  In the meantime, to prevent it from starving, we can place a \"Nutrient Mist\" at this location.  Try it now.	It will take a moment before the infestation is providing nutrients to this structure again.  In the meantime, to prevent it from starving, we can place a \"Nutrient Mist\" at this location.  Try it now.	english
Silver tutorials	TUTORIAL_SILVER_COMMANDER_ALIEN_29	Good.  Though it's important to realize that this harvester is still damaged, and will be an easy target if the marines return.  Drop a Whip to protect it.	Good.  Though it's important to realize that this harvester is still damaged, and will be an easy target if the marines return.  Drop a Whip to protect it.	english
Silver tutorials	TUTORIAL_SILVER_COMMANDER_ALIEN_30	Whips are short-range defensive structures.  They typically won't be killing large numbers of marines, but will at least serve to soften them up or force them into a vulnerable position, allowing your teammates to finish them off easier.	Whips are short-range defensive structures.  They typically won't be killing large numbers of marines, but will at least serve to soften them up or force them into a vulnerable position, allowing your teammates to finish them off easier.	english
Silver tutorials	TUTORIAL_SILVER_COMMANDER_ALIEN_31	We should position this whip out of sight so it can't be so easily shot by marines.  Select the whip, and order it to move out of sight of the entrance.	We should position this whip out of sight so it can't be so easily shot by marines.  Select the whip, and order it to move out of sight of the entrance.	english
Silver tutorials	TUTORIAL_SILVER_COMMANDER_ALIEN_32	We have plenty of resources flowing in now, we should build our second spur.	We have plenty of resources flowing in now, we should build our second spur.	english
Silver tutorials	TUTORIAL_SILVER_COMMANDER_ALIEN_33	It's time for us to build our second hive in Hydroanalysis.	It's time for us to build our second hive in Hydroanalysis.	english
Silver tutorials	TUTORIAL_SILVER_COMMANDER_ALIEN_34	Good.  We should bring our drifter over to help build the hive.  Hives take a very long time to build compared to other structures.  Every little bit helps.	Good.  We should bring our drifter over to help build the hive.  Hives take a very long time to build compared to other structures.  Every little bit helps.	english
Silver tutorials	TUTORIAL_SILVER_COMMANDER_ALIEN_35	Order the drifter to grow the hive.	Order the drifter to grow the hive.	english
Silver tutorials	TUTORIAL_SILVER_COMMANDER_ALIEN_36	As usual, Gorges build much faster than drifters, however they also require a lot of energy to keep up the pace.  Echo the Shift to Hydroanalysis to keep this gorge from running out of energy while they build the hive.	As usual, Gorges build much faster than drifters, however they also require a lot of energy to keep up the pace.  Echo the Shift to Hydroanalysis to keep this gorge from running out of energy while they build the hive.	english
Silver tutorials	TUTORIAL_SILVER_COMMANDER_ALIEN_37	Good.  While we wait for the new hive to build, we should upgrade the Biomass of the first hive.  Select the Shift Hive in Launch Control, and upgrade Biomass.	Good.  While we wait for the new hive to build, we should upgrade the Biomass of the first hive.  Select the Shift Hive in Launch Control, and upgrade Biomass.	english
Silver tutorials	TUTORIAL_SILVER_COMMANDER_ALIEN_38	Each hive is itself worth 1 point of biomass, and can be upgraded three times for a total of 4 biomass per hive.  Each additional level of biomass makes aliens tougher, and enables the commander to research advanced abilities for each lifeform type.	Each hive is itself worth 1 point of biomass, and can be upgraded three times for a total of 4 biomass per hive.  Each additional level of biomass makes aliens tougher, and enables the commander to research advanced abilities for each lifeform type.	english
Silver tutorials	TUTORIAL_SILVER_COMMANDER_ALIEN_39	While we wait, we should create a third spur to finish out the Shift Hive upgrades.  Drop the last spur in Launch Control.	While we wait, we should create a third spur to finish out the Shift Hive upgrades.  Drop the last spur in Launch Control.	english
Silver tutorials	TUTORIAL_SILVER_COMMANDER_ALIEN_40	Build a second drifter, since our first one is busy.	Build a second drifter, since our first one is busy.	english
Silver tutorials	TUTORIAL_SILVER_COMMANDER_ALIEN_41	Good.  As soon as that is done building, our aliens will be able to enjoy the maximum benefit of the upgrades.	Good.  As soon as that is done building, our aliens will be able to enjoy the maximum benefit of the upgrades.	english
Silver tutorials	TUTORIAL_SILVER_COMMANDER_ALIEN_42	We now have level 2 biomass.  Our aliens are now slightly tougher than they were moments ago.	We now have level 2 biomass.  Our aliens are now slightly tougher than they were moments ago.	english
Silver tutorials	TUTORIAL_SILVER_COMMANDER_ALIEN_43	There is an alien evolving to a higher lifeform nearby.  Place a Nutrient Mist near that egg to speed up the evolution process.	There is an alien evolving to a higher lifeform nearby.  Place a Nutrient Mist near that egg to speed up the evolution process.	english
Silver tutorials	TUTORIAL_SILVER_COMMANDER_ALIEN_44	Awesome.  That player will be out of their egg and kicking ass in no time!	Awesome.  That player will be out of their egg and kicking ass in no time!	english
Silver tutorials	TUTORIAL_SILVER_COMMANDER_ALIEN_45	The new hive has just finished building.  The completed hive means we get one additional level of biomass, bringing the total to 3.  Level 3 biomass unlocks many new abilities, but they still must be researched before players can use them.  Select a hive, and begin researching the \"Metabolize\" ability for our Fade.	The new hive has just finished building.  The completed hive means we get one additional level of biomass, bringing the total to 3.  Level 3 biomass unlocks many new abilities, but they still must be researched before players can use them.  Select a hive, and begin researching the \"Metabolize\" ability for our Fade.	english
Silver tutorials	TUTORIAL_SILVER_COMMANDER_ALIEN_46	Good.  Since we have two hives, we can research two abilities at once.  Select the other hive, and begin researching \"Bile Bomb\", a Gorge ability.	Good.  Since we have two hives, we can research two abilities at once.  Select the other hive, and begin researching \"Bile Bomb\", a Gorge ability.	english
Silver tutorials	TUTORIAL_SILVER_COMMANDER_ALIEN_47	While we wait for those abilities to finish researching, we can work on our second set of upgrades.  Select the new hive, and upgrade it to a Shade hive.	While we wait for those abilities to finish researching, we can work on our second set of upgrades.  Select the new hive, and upgrade it to a Shade hive.	english
Silver tutorials	TUTORIAL_SILVER_COMMANDER_ALIEN_48	Now we should try to conceal our presence in this room a little better.  Build a Shade.	Now we should try to conceal our presence in this room a little better.  Build a Shade.	english
Silver tutorials	TUTORIAL_SILVER_COMMANDER_ALIEN_49	The shade will conceal all aliens and structures in a large radius, making the room appear empty to any marines nearby.	The shade will conceal all aliens and structures in a large radius, making the room appear empty to any marines nearby.	english
Silver tutorials	TUTORIAL_SILVER_COMMANDER_ALIEN_50	The marines are using ARCs against our new hive!  Select the Shade, and use the Ink ability.	The marines are using ARCs against our new hive!  Select the Shade, and use the Ink ability.	english
Silver tutorials	TUTORIAL_SILVER_COMMANDER_ALIEN_51	The ink ability not only clouds marines' vision, but also disrupts the targeting systems of ARCs, buying us valuable time -- but we can't keep it up forever!  The ARCs need to be destroyed, quickly!	The ink ability not only clouds marines' vision, but also disrupts the targeting systems of ARCs, buying us valuable time -- but we can't keep it up forever!  The ARCs need to be destroyed, quickly!	english
Silver tutorials	TUTORIAL_SILVER_COMMANDER_ALIEN_52	We've run out of eggs!  Hives spawn eggs on their own, but very slowly.  We need to spawn eggs faster to defend this hive!  Select the hive in Hydroanalysis, and hatch some eggs.	We've run out of eggs!  Hives spawn eggs on their own, but very slowly.  We need to spawn eggs faster to defend this hive!  Select the hive in Hydroanalysis, and hatch some eggs.	english
Silver tutorials	TUTORIAL_SILVER_COMMANDER_ALIEN_53	Our gorge can use their new Bile Bomb ability to easily dissolve those ARCs, but we need to clear those marines first.  Select your drifter.	Our gorge can use their new Bile Bomb ability to easily dissolve those ARCs, but we need to clear those marines first.  Select your drifter.	english
Silver tutorials	TUTORIAL_SILVER_COMMANDER_ALIEN_54	Each upgraded hive enables a unique ability for the drifter.  Since we have a Shade Hive, our drifters can create hallucinations.  Create a hallucination cloud on the group of aliens.	Each upgraded hive enables a unique ability for the drifter.  Since we have a Shade Hive, our drifters can create hallucinations.  Create a hallucination cloud on the group of aliens.	english
Silver tutorials	TUTORIAL_SILVER_COMMANDER_ALIEN_55	Good.  Now those marines won't know which aliens to shoot at!	Good.  Now those marines won't know which aliens to shoot at!	english
Silver tutorials	TUTORIAL_SILVER_COMMANDER_ALIEN_56	Our gorge will make short work of these vile machines.	Our gorge will make short work of these vile machines.	english
Silver tutorials	TUTORIAL_SILVER_COMMANDER_ALIEN_57	A marine is killing upgrades in main base!  Exit the hive and deal with them!	A marine is killing upgrades in main base!  Exit the hive and deal with them!	english
Silver tutorials	TUTORIAL_SILVER_COMMANDER_ALIEN_58	That's strange.  That marine entered from the north side of the room.  How did they get there?  Return to the hive so we can send our drifter to investigate.	That's strange.  That marine entered from the north side of the room.  How did they get there?  Return to the hive so we can send our drifter to investigate.	english
Silver tutorials	TUTORIAL_SILVER_COMMANDER_ALIEN_59	Use the drifter from Launch Control to scout north.	Use the drifter from Launch Control to scout north.	english
Silver tutorials	TUTORIAL_SILVER_COMMANDER_ALIEN_60	The marines have a phase gate in Plaza!  This is bad.	The marines have a phase gate in Plaza!  This is bad.	english
Silver tutorials	TUTORIAL_SILVER_COMMANDER_ALIEN_61	And things just got a whole lot worse!  It looks like marines are throwing everything they've got at us up north.  It's only a matter of time now before they attack our main base, and it is unlikely that we will be able to defend against such a strong attack.	And things just got a whole lot worse!  It looks like marines are throwing everything they've got at us up north.  It's only a matter of time now before they attack our main base, and it is unlikely that we will be able to defend against such a strong attack.	english
Silver tutorials	TUTORIAL_SILVER_COMMANDER_ALIEN_62	Instead, we'll need to take out something of theirs.  Your teammates are forming a pack to counterattack the marine base.  Get your drifter away from the marines, and use it to help the counterattack.	Instead, we'll need to take out something of theirs.  Your teammates are forming a pack to counterattack the marine base.  Get your drifter away from the marines, and use it to help the counterattack.	english
Silver tutorials	TUTORIAL_SILVER_COMMANDER_ALIEN_63	The marines don't have another base, but we do.  If we can destroy them quickly enough, we win!  Attack now!  Use the Enzyme Cloud drifter ability to make your teammates attack faster.	The marines don't have another base, but we do.  If we can destroy them quickly enough, we win!  Attack now!  Use the Enzyme Cloud drifter ability to make your teammates attack faster.	english
Silver tutorials	TUTORIAL_SILVER_COMMANDER_ALIEN_64	Even though you lost the hive, marines still lost their only command station on the map, therefore Aliens win!	Even though you lost the hive, marines still lost their only command station on the map, therefore Aliens win!	english
Silver tutorials	TUTORIAL_SILVER_COMMANDER_ALIEN_65	This concludes all of the formal training available to you in Natural Selection 2.  However, there is still plenty more for you to learn in the field.	This concludes all of the formal training available to you in Natural Selection 2.  However, there is still plenty more for you to learn in the field.	english
Silver tutorials	TUTORIAL_SILVER_COMMANDER_ALIEN_66	The most important thing you can do as a commander is communicate!  If you're unsure of how something works, or don't know what to do: ask your teammates.  The fastest way to get ejected from the command chair is to be silent and do nothing.	The most important thing you can do as a commander is communicate!  If you're unsure of how something works, or don't know what to do: ask your teammates.  The fastest way to get ejected from the command chair is to be silent and do nothing.	english
Silver tutorials	TUTORIAL_SILVER_COMMANDER_ALIEN_67	The second most important thing you can do is use a microphone.  Good luck commander.  Dismissed.	The second most important thing you can do is use a microphone.  Good luck commander.  Dismissed.	english
Silver tutorials	TUTORIAL_SILVER_COMMANDER_ALIEN_68	While we wait for the harvester to build, we should choose an upgrade path for our hive.  There are 3 upgrade paths to choose from: Crag, Shade, and Shift.  Crag favors toughness and survivability; Shade favors stealth and deception; and Shift favors speed and evasion.  Select the hive and upgrade it to a Shift hive.	While we wait for the harvester to build, we should choose an upgrade path for our hive.  There are 3 upgrade paths to choose from: Crag, Shade, and Shift.  Crag favors toughness and survivability; Shade favors stealth and deception; and Shift favors speed and evasion.  Select the hive and upgrade it to a Shift hive.	english
Silver tutorials	TUTORIAL_SILVER_COMMANDER_ALIEN_69	Good.  We should now work on claiming some more territory.  Extend the cyst chain to Hydroanalysis.	Good.  We should now work on claiming some more territory.  Extend the cyst chain to Hydroanalysis.	english
Silver tutorials	TUTORIAL_SILVER_COMMANDER_ALIEN_70	Alien structures build very slowly without assistance.  Spawn a drifter to build this spur faster.	Alien structures build very slowly without assistance.  Spawn a drifter to build this spur faster.	english
Silver tutorials	TUTORIAL_SILVER_COMMANDER_ALIEN_71	Good.  That spur will be built in no time.	Good.  That spur will be built in no time.	english
Silver tutorials	TUTORIAL_SILVER_COMMANDER_ALIEN_72	We need to secure our territory to the east.  Create a tunnel entrance in Hydroanalysis.	We need to secure our territory to the east.  Create a tunnel entrance in Hydroanalysis.	english
Silver tutorials	TUTORIAL_SILVER_COMMANDER_ALIEN_73	Tunnels act like a shortcut, connecting two distant points on the map, allowing an area to be reinforced much quicker.	Tunnels act like a shortcut, connecting two distant points on the map, allowing an area to be reinforced much quicker.	english
Silver tutorials	TUTORIAL_SILVER_COMMANDER_ALIEN_74	Select the tunnel, and build the other end in base.	Select the tunnel, and build the other end in base.	english
Silver tutorials	TUTORIAL_SILVER_COMMANDER_ALIEN_75	Part of the cyst chain is being damaged!	Part of the cyst chain is being damaged!	english
Silver tutorials	TUTORIAL_SILVER_COMMANDER_ALIEN_76	There is a marine killing our cyst chain!  We can’t see them because we don’t have line of sight on them, but they ARE there.	There is a marine killing our cyst chain!  We can’t see them because we don’t have line of sight on them, but they ARE there.	english
Silver tutorials	TUTORIAL_SILVER_COMMANDER_ALIEN_77	Our cyst in Hydroanalysis has been completely disconnected from the hive.  Notice that it is slowly taking damage.  It will eventually die if it is not reconnected.	Our cyst in Hydroanalysis has been completely disconnected from the hive.  Notice that it is slowly taking damage.  It will eventually die if it is not reconnected.	english
Silver tutorials	TUTORIAL_SILVER_COMMANDER_ALIEN_78	Try reconnecting the cyst chain now.	Try reconnecting the cyst chain now.	english
Silver tutorials	TUTORIAL_SILVER_COMMANDER_ALIEN_79	Notice that the cyst in Hydroanalysis is now glowing since it is once again connected to a hive.	Notice that the cyst in Hydroanalysis is now glowing since it is once again connected to a hive.	english
Silver tutorials	TUTORIAL_SILVER_COMMANDER_ALIEN_80	Darn.  That marine is determined to keep this territory cut off.	Darn.  That marine is determined to keep this territory cut off.	english
Silver tutorials	TUTORIAL_SILVER_COMMANDER_ALIEN_81	We need another source of infestation for this area.  Select the tunnel, and upgrade it to an \"Infested Tunnel\".	We need another source of infestation for this area.  Select the tunnel, and upgrade it to an \"Infested Tunnel\".	english
Silver tutorials	TUTORIAL_SILVER_COMMANDER_ALIEN_82	This upgrade will create infestation at both ends of the tunnel.	This upgrade will create infestation at both ends of the tunnel.	english
Silver tutorials	TUTORIAL_SILVER_COMMANDER_ALIEN_83	Now we can use this resource node without the need for a cyst chain.  Build a harvester next to the tunnel.	Now we can use this resource node without the need for a cyst chain.  Build a harvester next to the tunnel.	english
Silver tutorials	TUTORIAL_SILVER_COMMANDER_ALIEN_84	This tunnel is in a critical location on the map, and therefore we should do everything we can to help our team hold this territory.  Build a Crag on the infestation near the tunnel.	This tunnel is in a critical location on the map, and therefore we should do everything we can to help our team hold this territory.  Build a Crag on the infestation near the tunnel.	english
Silver tutorials	TUTORIAL_SILVER_COMMANDER_ALIEN_85	Place the nutrient mist near the embryo.	Place the nutrient mist near the embryo.	english
Silver tutorials	TUTORIAL_SILVER_COMMANDER_ALIEN_EASTER_EGG_1	Look at the resource node in the room named \"Gravity Control\".	Look at the resource node in the room named \"Gravity Control\".	english
Silver tutorials	TUTORIAL_SILVER_COMMANDER_ALIEN_EASTER_EGG_2	Don't worry about what the gorge is doing.  You have your own tasks to deal with.	Don't worry about what the gorge is doing.  You have your own tasks to deal with.	english
Silver tutorials	TUTORIAL_SILVER_COMMANDER_ALIEN_EASTER_EGG_3	Quit looking at the damn gorge!  I'm trying to teach you stuff.	Quit looking at the damn gorge!  I'm trying to teach you stuff.	english
Silver tutorials	TUTORIAL_SILVER_COMMANDER_ALIEN_EASTER_EGG_4	Clearly the gorge is very busy right now and doesn't need you staring at them.	Clearly the gorge is very busy right now and doesn't need you staring at them.	english
Silver tutorials	TUTORIAL_SILVER_COMMANDER_ALIEN_EASTER_EGG_5	Can't you see you're bothering the gorge?	Can't you see you're bothering the gorge?	english
Silver tutorials	TUTORIAL_SILVER_COMMANDER_ALIEN_EASTER_EGG_6	The gorge is asking you politely to leave!	The gorge is asking you politely to leave!	english
Silver tutorials	TUTORIAL_SILVER_COMMANDER_ALIEN_EASTER_EGG_7	The gorge wants you to do your job, which is THAT way!	The gorge wants you to do your job, which is THAT way!	english
Silver tutorials	TUTORIAL_SILVER_COMMANDER_ALIEN_EASTER_EGG_8	Okay, you know what?  I'm using my tutorial voiceover authority to grant the gorge special cloaking powers.  Try following them NOW!	Okay, you know what?  I'm using my tutorial voiceover authority to grant the gorge special cloaking powers.  Try following them NOW!	english
Silver tutorials	TUTORIAL_SILVER_COMMANDER_ALIEN_EASTER_EGG_9	Grr, fine.  Your gorge-watching senses are quite sharp, I'll give you that.  Now can we please get on with the tutorial?	Grr, fine.  Your gorge-watching senses are quite sharp, I'll give you that.  Now can we please get on with the tutorial?	english
Silver tutorials	TUTORIAL_SILVER_COMMANDER_ALIEN_EASTER_EGG_10	I don't think the gorge likes you very much.  Not like they can hurt us in here, though.	I don't think the gorge likes you very much.  Not like they can hurt us in here, though.	english
Silver tutorials	TUTORIAL_SILVER_COMMANDER_ALIEN_EASTER_EGG_11	Where are they going now?	Where are they going now?	english
Silver tutorials	TUTORIAL_SILVER_COMMANDER_ALIEN_EASTER_EGG_12	What is it doing?	What is it doing?	english
Silver tutorials	TUTORIAL_SILVER_COMMANDER_ALIEN_EASTER_EGG_13	Oh no, NO!  STOP THEM!	Oh no, NO!  STOP THEM!	english
Silver tutorials	TUTORIAL_SILVER_COMMANDER_ALIEN_EASTER_EGG_14	Do you realize what you've done!?  WHY couldn't you have just done the tutorial, like a NORMAL person!?  You've doomed us all!	Do you realize what you've done!?  WHY couldn't you have just done the tutorial, like a NORMAL person!?  You've doomed us all!	english
Silver tutorials	TUTORIAL_SILVER_COMMANDER_ALIEN_EASTER_EGG_FAIL_1	Good.  Now get back to work.	Good.  Now get back to work.	english
Silver tutorials	TUTORIAL_SILVER_COMMANDER_ALIEN_EASTER_EGG_FAIL_2	Finally.  Now where were we?	Finally.  Now where were we?	english
Silver tutorials	TUTORIAL_SILVER_COMMANDER_ALIEN_EASTER_EGG_FAIL_3	Aww was that so hard?  Couldn't track the little gorgie?  Too bad, get back to work.	Aww was that so hard?  Couldn't track the little gorgie?  Too bad, get back to work.	english
Silver tutorials	TUTORIAL_SILVER_COMMANDER_ALIEN_EASTER_EGG_FAIL_4	THANK YOU!  Better not antagonize them further.  I think that gorge was just about to snap!	THANK YOU!  Better not antagonize them further.  I think that gorge was just about to snap!	english
Silver tutorials	TUTORIAL_SILVER_COMMANDER_ALIEN_NOT_EGG_1	Place the nutrient mist near the harvester.	Place the nutrient mist near the harvester.	english
Silver tutorials	TUTORIAL_SILVER_COMMANDER_ALIEN_NOT_EGG_2	Place it inside the nice circle I went to all the trouble of making for you.	Place it inside the nice circle I went to all the trouble of making for you.	english
Silver tutorials	TUTORIAL_SILVER_COMMANDER_ALIEN_NOT_EGG_3	PLACE IT- Okay, I'm just going to tell you right now that this is NOT the easter egg for this tutorial; that ship has already sailed.  If that's all you're trying to do here, then you need to restart.	PLACE IT- Okay, I'm just going to tell you right now that this is NOT the easter egg for this tutorial; that ship has already sailed.  If that's all you're trying to do here, then you need to restart.	english
Silver tutorials	TUTORIAL_SILVER_COMMANDER_DROP_AMMOPACK	Drop ammo pack	Drop ammo pack	english
Silver tutorials	TUTORIAL_SILVER_COMMANDER_DROP_MEDPACK	Drop med pack	Drop med pack	english
Silver tutorials	TUTORIAL_SILVER_COMMANDER_ISSUE_ORDER	Issue order	Issue order	english
Silver tutorials	TUTORIAL_SILVER_COMMANDER_MARINE_1	Welcome back to the marine team, soldier!  It's time to teach you how to command.  Enter the command station in front of you.	Welcome back to the marine team, soldier!  It's time to teach you how to command.  Enter the command station in front of you.	english
Silver tutorials	TUTORIAL_SILVER_COMMANDER_MARINE_2	As commander, it is your job to oversee the battlefield and issue orders to your troops.  To move your view around, simply push the mouse cursor to the edge of the screen.	As commander, it is your job to oversee the battlefield and issue orders to your troops.  To move your view around, simply push the mouse cursor to the edge of the screen.	english
Silver tutorials	TUTORIAL_SILVER_COMMANDER_MARINE_3	Good.  Alternatively, you can quickly move around the battlefield by dragging on the minimap in the bottom left corner.  Try this now.	Good.  Alternatively, you can quickly move around the battlefield by dragging on the minimap in the bottom left corner.  Try this now.	english
Silver tutorials	TUTORIAL_SILVER_COMMANDER_MARINE_4	Good.  The commander is a vital role to both teams in NS2.  So vital, in fact, that the game will not start unless both teams have chosen a commander.  Aliens have just chosen their commander, now the game can begin.	Good.  The commander is a vital role to both teams in NS2.  So vital, in fact, that the game will not start unless both teams have chosen a commander.  Aliens have just chosen their commander, now the game can begin.	english
Silver tutorials	TUTORIAL_SILVER_COMMANDER_MARINE_5	In the bottom-right corner of the screen, there are three tabs.  Basic structures, advanced structures, and commander abilities.	In the bottom-right corner of the screen, there are three tabs.  Basic structures, advanced structures, and commander abilities.	english
Silver tutorials	TUTORIAL_SILVER_COMMANDER_MARINE_6	On the right side of the minimap is the tech tree graph button.  Click it.	On the right side of the minimap is the tech tree graph button.  Click it.	english
Silver tutorials	TUTORIAL_SILVER_COMMANDER_MARINE_7	The tech tree graph shows all of the research and upgrades that have been purchased, are being purchased, or have yet to be purchased.  As you can see, we're not starting out with very much.	The tech tree graph shows all of the research and upgrades that have been purchased, are being purchased, or have yet to be purchased.  As you can see, we're not starting out with very much.	english
Silver tutorials	TUTORIAL_SILVER_COMMANDER_MARINE_8	The only way to fix that is to spend a lot of resources.  Close the graph.	The only way to fix that is to spend a lot of resources.  Close the graph.	english
Silver tutorials	TUTORIAL_SILVER_COMMANDER_MARINE_9	One of your marines is asking for orders.  Click the notification icon on the right side of the screen to jump to their location.	One of your marines is asking for orders.  Click the notification icon on the right side of the screen to jump to their location.	english
Silver tutorials	TUTORIAL_SILVER_COMMANDER_MARINE_10	We want to build an Extractor in this room, but first we need to get power to here.  Select the un-socketed power node.	We want to build an Extractor in this room, but first we need to get power to here.  Select the un-socketed power node.	english
Silver tutorials	TUTORIAL_SILVER_COMMANDER_MARINE_11	Notice that placing the blueprint also socketed the powernode for this room.  It's a good habit to build the power node first, because it's free.	Notice that placing the blueprint also socketed the powernode for this room.  It's a good habit to build the power node first, because it's free.	english
Silver tutorials	TUTORIAL_SILVER_COMMANDER_MARINE_12	Once construction begins for a structure, however, that money is spent, and cannot be fully refunded if aliens suddenly attack.	Once construction begins for a structure, however, that money is spent, and cannot be fully refunded if aliens suddenly attack.	english
Silver tutorials	TUTORIAL_SILVER_COMMANDER_MARINE_13	Drop the extractor blueprint for the group in Logistics now.	Drop the extractor blueprint for the group in Logistics now.	english
Silver tutorials	TUTORIAL_SILVER_COMMANDER_MARINE_14	A marine is under attack!	A marine is under attack!	english
Silver tutorials	TUTORIAL_SILVER_COMMANDER_MARINE_15	An alien killed the builder and is destroying the extractor!  Luckily we have some backup on the way.	An alien killed the builder and is destroying the extractor!  Luckily we have some backup on the way.	english
Silver tutorials	TUTORIAL_SILVER_COMMANDER_MARINE_16	The extractor has been saved, but one of our soldiers has been injured.  Drop a medpack for them.	The extractor has been saved, but one of our soldiers has been injured.  Drop a medpack for them.	english
Silver tutorials	TUTORIAL_SILVER_COMMANDER_MARINE_17	This marine was badly injured, and will require one more medpack to get them back to full health.	This marine was badly injured, and will require one more medpack to get them back to full health.	english
Silver tutorials	TUTORIAL_SILVER_COMMANDER_MARINE_18	Good.  Although they are now fully healed, their armor is still damaged, and as a result will not be as effective in combat.  One way to repair armor is with a welder.	Good.  Although they are now fully healed, their armor is still damaged, and as a result will not be as effective in combat.  One way to repair armor is with a welder.	english
Silver tutorials	TUTORIAL_SILVER_COMMANDER_MARINE_19	We need to build an armory to provide welders.  Build an armory in main base.	We need to build an armory to provide welders.  Build an armory in main base.	english
Silver tutorials	TUTORIAL_SILVER_COMMANDER_MARINE_20	Good, that marine can now repair their teammate and the damaged resource tower.	Good, that marine can now repair their teammate and the damaged resource tower.	english
Silver tutorials	TUTORIAL_SILVER_COMMANDER_MARINE_21	We should now build an observatory in main base as an extra line of defense.	We should now build an observatory in main base as an extra line of defense.	english
Silver tutorials	TUTORIAL_SILVER_COMMANDER_MARINE_22	It seems all of our soldiers are elsewhere on the battlefield, and that observatory is not going to build itself!	It seems all of our soldiers are elsewhere on the battlefield, and that observatory is not going to build itself!	english
Silver tutorials	TUTORIAL_SILVER_COMMANDER_MARINE_23	As a commander, you can exit the command station at any time.	As a commander, you can exit the command station at any time.	english
Silver tutorials	TUTORIAL_SILVER_COMMANDER_MARINE_24	Just be aware that by exiting the command station, you're no longer able to support your team or use any commander abilities, which can sometimes make or break the game!  Use it sparingly.	Just be aware that by exiting the command station, you're no longer able to support your team or use any commander abilities, which can sometimes make or break the game!  Use it sparingly.	english
Silver tutorials	TUTORIAL_SILVER_COMMANDER_MARINE_25	Excellent, now we can see them coming a mile away!  Return to the command station.	Excellent, now we can see them coming a mile away!  Return to the command station.	english
Silver tutorials	TUTORIAL_SILVER_COMMANDER_MARINE_26	The two marines on the left side of the map are ready to secure more territory.  Follow them.	The two marines on the left side of the map are ready to secure more territory.  Follow them.	english
Silver tutorials	TUTORIAL_SILVER_COMMANDER_MARINE_27	The marines on the left side are wisely choosing to hold their position until they are patched up.  Drop medpacks for them.	The marines on the left side are wisely choosing to hold their position until they are patched up.  Drop medpacks for them.	english
Silver tutorials	TUTORIAL_SILVER_COMMANDER_MARINE_28	This room appears to be secure.  Have your marines build another resource extractor here.  You can never have enough extractors!	This room appears to be secure.  Have your marines build another resource extractor here.  You can never have enough extractors!	english
Silver tutorials	TUTORIAL_SILVER_COMMANDER_MARINE_29	This territory is pretty far away from home base.  We should connect the two rooms with a pair of phase gates.	This territory is pretty far away from home base.  We should connect the two rooms with a pair of phase gates.	english
Silver tutorials	TUTORIAL_SILVER_COMMANDER_MARINE_30	It seems we require some prerequisite technology in order to build phase gates.  Select the observatory in main base, and research \"Phase Tech\"	It seems we require some prerequisite technology in order to build phase gates.  Select the observatory in main base, and research \"Phase Tech\"	english
Silver tutorials	TUTORIAL_SILVER_COMMANDER_MARINE_31	Repair Room is under attack!  Drop medpacks to keep them alive!	Repair Room is under attack!  Drop medpacks to keep them alive!	english
Silver tutorials	TUTORIAL_SILVER_COMMANDER_MARINE_32	That was a close one.  At least we still have one soldier left in the room to build a phase gate.  Patch them up with medpacks if needed.	That was a close one.  At least we still have one soldier left in the room to build a phase gate.  Patch them up with medpacks if needed.	english
Silver tutorials	TUTORIAL_SILVER_COMMANDER_MARINE_33	Phase tech has just finished researching.  Drop the phase gate blueprint in repair.	Phase tech has just finished researching.  Drop the phase gate blueprint in repair.	english
Silver tutorials	TUTORIAL_SILVER_COMMANDER_MARINE_34	Phase gates work by connecting to other phase gates.  We will need to build one at home base as well so this one has something to connect to.	Phase gates work by connecting to other phase gates.  We will need to build one at home base as well so this one has something to connect to.	english
Silver tutorials	TUTORIAL_SILVER_COMMANDER_MARINE_35	There is no need for you to exit the command chair.  The marine that died in Repair has respawned and is building the gate.  You should avoid exiting the command station whenever possible.	There is no need for you to exit the command chair.  The marine that died in Repair has respawned and is building the gate.  You should avoid exiting the command station whenever possible.	english
Silver tutorials	TUTORIAL_SILVER_COMMANDER_MARINE_36	Good.  Now our troops can instantly travel between our main base and Repair Room.	Good.  Now our troops can instantly travel between our main base and Repair Room.	english
Silver tutorials	TUTORIAL_SILVER_COMMANDER_MARINE_37	The marines from observation are running low on ammo.  Drop them ammo packs to resupply them.	The marines from observation are running low on ammo.  Drop them ammo packs to resupply them.	english
Silver tutorials	TUTORIAL_SILVER_COMMANDER_MARINE_38	That was close.  We need to work on better-equipping our soldiers.  Drop an Arms Lab blueprint in main base.	That was close.  We need to work on better-equipping our soldiers.  Drop an Arms Lab blueprint in main base.	english
Silver tutorials	TUTORIAL_SILVER_COMMANDER_MARINE_39	While that's building, we should patch up that lone marine holding the line in observation.  You should always try to keep your marines at full health, when you can afford it.	While that's building, we should patch up that lone marine holding the line in observation.  You should always try to keep your marines at full health, when you can afford it.	english
Silver tutorials	TUTORIAL_SILVER_COMMANDER_MARINE_40	Select the arms lab, and start upgrading to \"Armor 1\".  This will give our soldiers more protection.	Select the arms lab, and start upgrading to \"Armor 1\".  This will give our soldiers more protection.	english
Silver tutorials	TUTORIAL_SILVER_COMMANDER_MARINE_41	Repair Room is under attack!  Try using the spacebar to jump to the alert.	Repair Room is under attack!  Try using the spacebar to jump to the alert.	english
Silver tutorials	TUTORIAL_SILVER_COMMANDER_MARINE_42	Since we intend to hold this room for a while, it might actually be cheaper to build an armory here for the marines, rather than spending the money on med and ammo packs.	Since we intend to hold this room for a while, it might actually be cheaper to build an armory here for the marines, rather than spending the money on med and ammo packs.	english
Silver tutorials	TUTORIAL_SILVER_COMMANDER_MARINE_43	Build an Armory in Repair Room.	Build an Armory in Repair Room.	english
Silver tutorials	TUTORIAL_SILVER_COMMANDER_MARINE_44	These two marines should be able to hold this room without commander supervision for a while now.	These two marines should be able to hold this room without commander supervision for a while now.	english
Silver tutorials	TUTORIAL_SILVER_COMMANDER_MARINE_45	Armor 1 has just finished being upgraded.  We should start upgrading weapons immediately.  Select the arms lab, and upgrade \"Weapons 1\" now.	Armor 1 has just finished being upgraded.  We should start upgrading weapons immediately.  Select the arms lab, and upgrade \"Weapons 1\" now.	english
Silver tutorials	TUTORIAL_SILVER_COMMANDER_MARINE_46	Commander, the marines in Observation are ready to make a push.  Assist them.	Commander, the marines in Observation are ready to make a push.  Assist them.	english
Silver tutorials	TUTORIAL_SILVER_COMMANDER_MARINE_47	There are quite a few aliens attacking this part of the map.  Perhaps they have a tunnel nearby?	There are quite a few aliens attacking this part of the map.  Perhaps they have a tunnel nearby?	english
Silver tutorials	TUTORIAL_SILVER_COMMANDER_MARINE_48	Since we have an observatory, we can perform a scan of any location on the map.  Scan the room ahead to see what the aliens have.	Since we have an observatory, we can perform a scan of any location on the map.  Scan the room ahead to see what the aliens have.	english
Silver tutorials	TUTORIAL_SILVER_COMMANDER_MARINE_49	Nope!  It's much worse than a tunnel: the aliens have a hive in Elevator Transfer!	Nope!  It's much worse than a tunnel: the aliens have a hive in Elevator Transfer!	english
Silver tutorials	TUTORIAL_SILVER_COMMANDER_MARINE_50	Drop a phasegate blueprint in observation: we're going to build a forward base here.	Drop a phasegate blueprint in observation: we're going to build a forward base here.	english
Silver tutorials	TUTORIAL_SILVER_COMMANDER_MARINE_51	Now, drop an armory for them, like we did in repair.	Now, drop an armory for them, like we did in repair.	english
Silver tutorials	TUTORIAL_SILVER_COMMANDER_MARINE_52	One of the players is requesting shotguns, which are much more powerful at close range than the rifle.  Select the armory, and research shotguns now.	One of the players is requesting shotguns, which are much more powerful at close range than the rifle.  Select the armory, and research shotguns now.	english
Silver tutorials	TUTORIAL_SILVER_COMMANDER_MARINE_53	Good.  Now we should think about how we're going to kill this hive.	Good.  Now we should think about how we're going to kill this hive.	english
Silver tutorials	TUTORIAL_SILVER_COMMANDER_MARINE_54	One option is to simply charge in, guns blazing.  However, with so few marines and so many aliens, this is not likely to succeed.	One option is to simply charge in, guns blazing.  However, with so few marines and so many aliens, this is not likely to succeed.	english
Silver tutorials	TUTORIAL_SILVER_COMMANDER_MARINE_55	Luckily, we have another option.  Build a robotics factory at the forward base.	Luckily, we have another option.  Build a robotics factory at the forward base.	english
Silver tutorials	TUTORIAL_SILVER_COMMANDER_MARINE_56	Select the Robotics Factory, and upgrade it to an ARC Factory.	Select the Robotics Factory, and upgrade it to an ARC Factory.	english
Silver tutorials	TUTORIAL_SILVER_COMMANDER_MARINE_57	ARCs can fire through walls within a short distance, meaning we don't even need to enter the room to kill that hive!	ARCs can fire through walls within a short distance, meaning we don't even need to enter the room to kill that hive!	english
Silver tutorials	TUTORIAL_SILVER_COMMANDER_MARINE_58	Build an ARC from our new ARC factory.	Build an ARC from our new ARC factory.	english
Silver tutorials	TUTORIAL_SILVER_COMMANDER_MARINE_59	Even though ARCs can fire through walls, they still need their targets spotted for them.  We could scan the room repeatedly, however it will be cheaper in the long run to just build an observatory nearby.	Even though ARCs can fire through walls, they still need their targets spotted for them.  We could scan the room repeatedly, however it will be cheaper in the long run to just build an observatory nearby.	english
Silver tutorials	TUTORIAL_SILVER_COMMANDER_MARINE_60	Good, now select the ARC, and deploy it into its firing mode.	Good, now select the ARC, and deploy it into its firing mode.	english
Silver tutorials	TUTORIAL_SILVER_COMMANDER_MARINE_61	Hmm... something isn't right.  We haven't seen any aliens for a while.  What are they up to?	Hmm... something isn't right.  We haven't seen any aliens for a while.  What are they up to?	english
Silver tutorials	TUTORIAL_SILVER_COMMANDER_MARINE_62	Base rush incoming at home!  Check your map!	Base rush incoming at home!  Check your map!	english
Silver tutorials	TUTORIAL_SILVER_COMMANDER_MARINE_63	We need to recall all troops home to deal with this.  Select the observatory and use the \"Distress Beacon\" ability.	We need to recall all troops home to deal with this.  Select the observatory and use the \"Distress Beacon\" ability.	english
Silver tutorials	TUTORIAL_SILVER_COMMANDER_MARINE_64	Keeping a cool head is great and all, but you really could be doing more to protect the base.	Keeping a cool head is great and all, but you really could be doing more to protect the base.	english
Silver tutorials	TUTORIAL_SILVER_COMMANDER_MARINE_65	Good work!  Now let's go finish off that hive!	Good work!  Now let's go finish off that hive!	english
Silver tutorials	TUTORIAL_SILVER_COMMANDER_MARINE_66	Good work... eventually.	Good work... eventually.	english
Silver tutorials	TUTORIAL_SILVER_COMMANDER_MARINE_67	Now I suggest we finish off that hive, if that isn't too much to ask.	Now I suggest we finish off that hive, if that isn't too much to ask.	english
Silver tutorials	TUTORIAL_SILVER_COMMANDER_MARINE_68	Good job!  The aliens have been defeated!	Good job!  The aliens have been defeated!	english
Silver tutorials	TUTORIAL_SILVER_COMMANDER_MARINE_69	Now click the \"Socket Power Node\" button from the command card.	Now click the \"Socket Power Node\" button from the command card.	english
Silver tutorials	TUTORIAL_SILVER_COMMANDER_MARINE_70	Good.  Now create an Extractor blueprint on the resource node.	Good.  Now create an Extractor blueprint on the resource node.	english
Silver tutorials	TUTORIAL_SILVER_COMMANDER_MARINE_71	You should really get back in the command chair.	You should really get back in the command chair.	english
Silver tutorials	TUTORIAL_SILVER_COMMANDER_MARINE_72	This isn't the easter egg, by the way.  You're just breaking the flow of the tutorial, and it's making me sad.  Get back in the command station!	This isn't the easter egg, by the way.  You're just breaking the flow of the tutorial, and it's making me sad.  Get back in the command station!	english
Silver tutorials	TUTORIAL_SILVER_COMMANDER_MARINE_73	Weapons 1 has just finished researching.  We should start the next upgrade right-away.	Weapons 1 has just finished researching.  We should start the next upgrade right-away.	english
Silver tutorials	TUTORIAL_SILVER_COMMANDER_MARINE_74	We can build a special kind of artillery piece here, called an ARC.  ARCs will only attack structures, but they can fire through walls!	We can build a special kind of artillery piece here, called an ARC.  ARCs will only attack structures, but they can fire through walls!	english
Silver tutorials	TUTORIAL_SILVER_COMMANDER_MARINE_75	You're moving the ARC the wrong way!  It was already in a good spot, where it was built.  Move it back to where the marines are.	You're moving the ARC the wrong way!  It was already in a good spot, where it was built.  Move it back to where the marines are.	english
Silver tutorials	TUTORIAL_SILVER_COMMANDER_MARINE_76	There is no need to move the ARC into the enemy base, it can blast the hive through the wall.  Move it back to where the marines are.	There is no need to move the ARC into the enemy base, it can blast the hive through the wall.  Move it back to where the marines are.	english
Silver tutorials	TUTORIAL_SILVER_COMMANDER_MARINE_77	Congratulations, you've discovered that the tutorial will not actually allow you to lose.  We're all very impressed with how clever you are, now will you please get on with it?	Congratulations, you've discovered that the tutorial will not actually allow you to lose.  We're all very impressed with how clever you are, now will you please get on with it?	english
Silver tutorials	TUTORIAL_SILVER_COMMANDER_MARINE_78	This concludes your formal training in commanding, soldier.  Be aware that there is still much more to learn that you'll pick up in the field.  Good luck.  Dismissed.	This concludes your formal training in commanding, soldier.  Be aware that there is still much more to learn that you'll pick up in the field.  Good luck.  Dismissed.	english
Silver tutorials	TUTORIAL_SILVER_COMMANDER_MARINE_EASTER_EGG_1	Scan the room called \"Elevator Transfer\".	Scan the room called \"Elevator Transfer\".	english
Silver tutorials	TUTORIAL_SILVER_COMMANDER_MARINE_EASTER_EGG_2	It's the one on the right-side of the map, just north of the two marines.	It's the one on the right-side of the map, just north of the two marines.	english
Silver tutorials	TUTORIAL_SILVER_COMMANDER_MARINE_EASTER_EGG_3	You do know what \"North\" means, right?	You do know what \"North\" means, right?	english
Silver tutorials	TUTORIAL_SILVER_COMMANDER_MARINE_EASTER_EGG_4	And I assume \"right-side\" isn't just over your head, either?	And I assume \"right-side\" isn't just over your head, either?	english
Silver tutorials	TUTORIAL_SILVER_COMMANDER_MARINE_EASTER_EGG_5	...and \"two\"?  Am I- am I going too fast?	...and \"two\"?  Am I- am I going too fast?	english
Silver tutorials	TUTORIAL_SILVER_COMMANDER_MARINE_EASTER_EGG_6	Okay let's try coming at this from another angle...	Okay let's try coming at this from another angle...	english
Silver tutorials	TUTORIAL_SILVER_COMMANDER_MARINE_EASTER_EGG_7	Down...	Abajo...	translated
Silver tutorials	TUTORIAL_SILVER_COMMANDER_MARINE_EASTER_EGG_8	Left...	Izquierda...	translated
Silver tutorials	TUTORIAL_SILVER_COMMANDER_MARINE_EASTER_EGG_9	Right...	Derecha...	translated
Silver tutorials	TUTORIAL_SILVER_COMMANDER_MARINE_EASTER_EGG_10	Up...	Up...	translated
Silver tutorials	TUTORIAL_SILVER_COMMANDER_MARINE_EASTER_EGG_11	Are you listening to me?	Are you listening to me?	english
Silver tutorials	TUTORIAL_SILVER_COMMANDER_MARINE_EASTER_EGG_12	Okay trying something different now...	Okay trying something different now...	english
Silver tutorials	TUTORIAL_SILVER_COMMANDER_MARINE_EASTER_EGG_13	Ice cold...	Ice cold...	english
Silver tutorials	TUTORIAL_SILVER_COMMANDER_MARINE_EASTER_EGG_14	YOU'RE BURNING UP!	YOU'RE BURNING UP!	english
Silver tutorials	TUTORIAL_SILVER_COMMANDER_MARINE_EASTER_EGG_15	Warmer...	Warmer...	english
Silver tutorials	TUTORIAL_SILVER_COMMANDER_MARINE_EASTER_EGG_16	Colder...	Colder...	english
Silver tutorials	TUTORIAL_SILVER_COMMANDER_MARINE_EASTER_EGG_17	I swear this would be a lot more entertaining if I hadn't already given you explicit instructions on where it is that I'm directing you...	I swear this would be a lot more entertaining if I hadn't already given you explicit instructions on where it is that I'm directing you...	english
Silver tutorials	TUTORIAL_SILVER_COMMANDER_MARINE_EASTER_EGG_18	It's amazing you even managed to find your way to the mouse and keyboard, let alone launch the game.	It's amazing you even managed to find your way to the mouse and keyboard, let alone launch the game.	english
Silver tutorials	TUTORIAL_SILVER_COMMANDER_MARINE_EASTER_EGG_19	Maybe you're just young and stupid...	Maybe you're just young and stupid...	english
Silver tutorials	TUTORIAL_SILVER_COMMANDER_MARINE_EASTER_EGG_20	This isn't your average, every-day stupid... this is... ADVANCED stupid...	This isn't your average, every-day stupid... this is... ADVANCED stupid...	english
Silver tutorials	TUTORIAL_SILVER_COMMANDER_MARINE_EASTER_EGG_21	No?  Okay how about \"The amount of stupid here is too damn high!\"	No?  Okay how about \"The amount of stupid here is too damn high!\"	english
Silver tutorials	TUTORIAL_SILVER_COMMANDER_MARINE_EASTER_EGG_22	Y U NO scan the correct area, stupid!	Y U NO scan the correct area, stupid!	english
Silver tutorials	TUTORIAL_SILVER_COMMANDER_MARINE_EASTER_EGG_23	Okay, apparently using outdated memes won't let me get through to you either...	Okay, apparently using outdated memes won't let me get through to you either...	english
Silver tutorials	TUTORIAL_SILVER_COMMANDER_MARINE_EASTER_EGG_24	Seriously I'm out of ideas.	Seriously I'm out of ideas.	english
Silver tutorials	TUTORIAL_SILVER_COMMANDER_MARINE_EASTER_EGG_25	Go ahead... keep scanning!  I don't WANT you to scan \"Elevator Transfer\"!	Go ahead... keep scanning!  I don't WANT you to scan \"Elevator Transfer\"!	english
Silver tutorials	TUTORIAL_SILVER_COMMANDER_MARINE_EASTER_EGG_26	Has reverse psychology ever actually worked?  I'm... just curious.	Has reverse psychology ever actually worked?  I'm... just curious.	english
Silver tutorials	TUTORIAL_SILVER_COMMANDER_MARINE_EASTER_EGG_27	With the amount of scans you've done, it's actually surprising you haven't yet discovered the treasure.  The... lost... Gorge's... treasure... ...	With the amount of scans you've done, it's actually surprising you haven't yet discovered the treasure.  The... lost... Gorge's... treasure... ...	english
Silver tutorials	TUTORIAL_SILVER_COMMANDER_MARINE_EASTER_EGG_28	Okay, there is no treasure... I made it up...	Okay, there is no treasure... I made it up...	english
Silver tutorials	TUTORIAL_SILVER_COMMANDER_MARINE_EASTER_EGG_29	Seriously... it doesn't exist!	Seriously... it doesn't exist!	english
Silver tutorials	TUTORIAL_SILVER_COMMANDER_MARINE_EASTER_EGG_30	Oh for-... FINE!  Here's your damn treasure.  Now will you please scan \"Elevator Transfer\" so we can move on?	Oh for-... FINE!  Here's your damn treasure.  Now will you please scan \"Elevator Transfer\" so we can move on?	english
Silver tutorials	TUTORIAL_SILVER_COMMANDER_MARINE_SHOTGUNS_PLZ	shotguns plz!!!!	escopetas plz!!!!	translated
Silver tutorials	TUTORIAL_SILVER_COMMANDER_SCAN	Scan the room	Scan the room	english
Silver tutorials	TUTORIAL_SILVER_COMMANDER_SELECT_DRIFTER	Select drifter	Select drifter	english
Silver tutorials	TUTORIAL_SILVER_COMMANDER_SELECT_WHIP	Select whip	Select whip	english
Silver tutorials	TUTORIAL_SILVER_RESEARCH_ARMOR_1	Research armor 1	Research armor 1	english
Silver tutorials	TUTORIAL_SILVER_RESEARCH_ARMOR_2	Research armor 2	Research armor 2	english
Silver tutorials	TUTORIAL_SILVER_RESEARCH_PHASE_TECH	Research phase tech	Research phase tech	english
Silver tutorials	TUTORIAL_SILVER_RESEARCH_SHOTGUNS	Research shotguns	Research shotguns	english
Silver tutorials	TUTORIAL_SILVER_RESEARCH_WEAPONS_1	Research weapons 1	Research weapons 1	english
Silver tutorials	TUTORIAL_SILVER_RESEARCH_WEAPONS_2	Research weapons 2	Research weapons 2	english
Silver tutorials	TUTORIAL_SILVER_SHOW_TECH_MAP	Show tech map (hold)	Show tech map (hold)	english
Silver tutorials	TUTORIAL_SILVER_UPGRADE_TO_ARC_FACTORY	Upgrade to ARC factory	Upgrade to ARC factory	english
Other	TUTORIAL	TUTORIAL	TUTORIAL	english
